algorithm,scenario,metric,ql_condition,n,n_valid,mean,std,ci95_low,ci95_high,median,iqr
fuzzy_3x3,multi_level_irradiance,convergence_time_s,not_applicable,50,50,2.03432,0.02345420200809942,2.0276543895498933,2.040985610450107,2.031,0.002000000000000224
fuzzy_3x3,multi_level_irradiance,convergence_rate,not_applicable,50,50,1.0,,0.9286524008666414,1.0,,
fuzzy_3x3,multi_level_irradiance,energy_yield_j,not_applicable,50,50,682.6643949805194,27.458870425874245,674.8606703602733,690.4681196007656,687.0987798016095,42.18705573277441
fuzzy_3x3,multi_level_irradiance,energy_yield_ratio,not_applicable,50,50,0.9161720801368536,0.03685127072871499,0.9056990648884896,0.9266450953852176,0.9221232614135354,0.0566172820638291
fuzzy_3x3,multi_level_irradiance,oscillation_p2p_w,not_applicable,50,50,102.91394926359585,0.4093864595059707,102.79760291927457,103.03029560791714,102.97204076352024,0.017568613190135807
fuzzy_3x3,multi_level_irradiance,oscillation_std_w,not_applicable,50,50,40.73798147496105,0.08638323697438337,40.71343163067764,40.76253131924447,40.75122159751006,0.007576378991075217
fuzzy_3x3,multi_level_irradiance,settling_time_s,not_applicable,50,50,2.03432,0.02345420200809942,2.0276543895498933,2.040985610450107,2.031,0.002000000000000224
fuzzy_3x3,multi_level_irradiance,settling_rate,not_applicable,50,50,1.0,,0.9286524008666414,1.0,,
fuzzy_3x3,multi_level_irradiance,tracking_efficiency_pct,not_applicable,50,50,91.61720801368537,3.6851270728714978,90.56990648884897,92.66450953852177,92.21232614135353,5.6617282063828895
fuzzy_3x3,partial_shading_complex_pattern_a,convergence_time_s,not_applicable,50,0,,,,,,
fuzzy_3x3,partial_shading_complex_pattern_a,convergence_rate,not_applicable,50,0,0.0,,0.0,0.07134759913335872,,
fuzzy_3x3,partial_shading_complex_pattern_a,energy_yield_j,not_applicable,50,50,443.8288851812776,167.59803271611304,396.19805135866164,491.45971900389355,349.6431523547425,298.77637484879403
fuzzy_3x3,partial_shading_complex_pattern_a,energy_yield_ratio,not_applicable,50,50,0.49362463607207757,0.18640183338246902,0.44064982123573526,0.5465994509084199,0.38887165661989315,0.33229783870743884
fuzzy_3x3,partial_shading_complex_pattern_a,oscillation_p2p_w,not_applicable,50,50,0.0,0.0,0.0,0.0,0.0,0.0
fuzzy_3x3,partial_shading_complex_pattern_a,oscillation_std_w,not_applicable,50,50,0.0,0.0,0.0,0.0,0.0,0.0
fuzzy_3x3,partial_shading_complex_pattern_a,settling_time_s,not_applicable,50,0,,,,,,
fuzzy_3x3,partial_shading_complex_pattern_a,settling_rate,not_applicable,50,0,0.0,,0.0,0.07134759913335872,,
fuzzy_3x3,partial_shading_complex_pattern_a,tracking_efficiency_pct,not_applicable,50,50,49.362463607207765,18.6401833382469,44.064982123573536,54.659945090841994,38.88716566198932,33.22978387074389
fuzzy_3x3,partial_shading_complex_pattern_b,convergence_time_s,not_applicable,50,0,,,,,,
fuzzy_3x3,partial_shading_complex_pattern_b,convergence_rate,not_applicable,50,0,0.0,,0.0,0.07134759913335872,,
fuzzy_3x3,partial_shading_complex_pattern_b,energy_yield_j,not_applicable,50,50,326.76910057995786,36.37211339335727,316.43226033941136,337.1059408205044,342.35709738461145,19.153690809138993
fuzzy_3x3,partial_shading_complex_pattern_b,energy_yield_ratio,not_applicable,50,50,0.6719712761135871,0.07479598104136488,0.6507144935258385,0.6932280587013356,0.7040265900532676,0.039387843074693896
fuzzy_3x3,partial_shading_complex_pattern_b,oscillation_p2p_w,not_applicable,50,50,0.0,0.0,0.0,0.0,0.0,0.0
fuzzy_3x3,partial_shading_complex_pattern_b,oscillation_std_w,not_applicable,50,50,0.0,0.0,0.0,0.0,0.0,0.0
fuzzy_3x3,partial_shading_complex_pattern_b,settling_time_s,not_applicable,50,0,,,,,,
fuzzy_3x3,partial_shading_complex_pattern_b,settling_rate,not_applicable,50,0,0.0,,0.0,0.07134759913335872,,
fuzzy_3x3,partial_shading_complex_pattern_b,tracking_efficiency_pct,not_applicable,50,50,67.19712761135872,7.479598104136487,65.07144935258387,69.32280587013358,70.40265900532677,3.9387843074693762
fuzzy_3x3,partial_shading_complex_pattern_c,convergence_time_s,not_applicable,50,41,0.9121951219512194,0.6344505977423378,0.7119378042300492,1.1124524396723898,0.91,1.0299999999999998
fuzzy_3x3,partial_shading_complex_pattern_c,convergence_rate,not_applicable,50,41,0.82,,0.6920394632569922,0.9022980732976582,,
fuzzy_3x3,partial_shading_complex_pattern_c,energy_yield_j,not_applicable,50,50,647.0421494388485,168.00105840971725,599.2967769815767,694.7875218961202,704.8204885727205,218.29905800334882
fuzzy_3x3,partial_shading_complex_pattern_c,energy_yield_ratio,not_applicable,50,50,0.8034159281434765,0.20860267973019547,0.7441317025940554,0.8627001536928977,0.8751578355324874,0.2710564380554048
fuzzy_3x3,partial_shading_complex_pattern_c,oscillation_p2p_w,not_applicable,50,50,4.573921175741852,2.9627938048335714,3.7319044940321002,5.415937857451603,5.921234759250694,5.270757221902343
fuzzy_3x3,partial_shading_complex_pattern_c,oscillation_std_w,not_applicable,50,50,1.1827109586785984,0.7658065563481042,0.9650711437323727,1.4003507736248242,1.6619627500418415,1.5362739309258027
fuzzy_3x3,partial_shading_complex_pattern_c,settling_time_s,not_applicable,50,40,0.8875,0.6199038386965912,0.6892451350849593,1.0857548649150406,0.905,1.0474999999999999
fuzzy_3x3,partial_shading_complex_pattern_c,settling_rate,not_applicable,50,40,0.8,,0.6696289406777459,0.887562499842239,,
fuzzy_3x3,partial_shading_complex_pattern_c,tracking_efficiency_pct,not_applicable,50,50,80.34159281434765,20.86026797301955,74.41317025940553,86.27001536928977,87.51578355324874,27.105643805540467
fuzzy_3x3,partial_shading_simple,convergence_time_s,not_applicable,50,0,,,,,,
fuzzy_3x3,partial_shading_simple,convergence_rate,not_applicable,50,0,0.0,,0.0,0.07134759913335872,,
fuzzy_3x3,partial_shading_simple,energy_yield_j,not_applicable,50,50,357.2002872767613,43.609361874544156,344.8066437781223,369.5939307754003,376.74957468608756,18.056387920766156
fuzzy_3x3,partial_shading_simple,energy_yield_ratio,not_applicable,50,50,0.8651502430300165,0.10562323538926323,0.8351324517045378,0.8951680343554953,0.9124992272152892,0.04373313503466314
fuzzy_3x3,partial_shading_simple,oscillation_p2p_w,not_applicable,50,50,0.0,0.0,0.0,0.0,0.0,0.0
fuzzy_3x3,partial_shading_simple,oscillation_std_w,not_applicable,50,50,0.0,0.0,0.0,0.0,0.0,0.0
fuzzy_3x3,partial_shading_simple,settling_time_s,not_applicable,50,0,,,,,,
fuzzy_3x3,partial_shading_simple,settling_rate,not_applicable,50,0,0.0,,0.0,0.07134759913335872,,
fuzzy_3x3,partial_shading_simple,tracking_efficiency_pct,not_applicable,50,50,86.51502430300162,10.562323538926321,83.51324517045374,89.5168034355495,91.24992272152892,4.373313503466321
fuzzy_3x3,rapid_double_step,convergence_time_s,not_applicable,50,50,0.05886000000000001,0.060530650019942255,0.041657379625819405,0.07606262037418061,0.035,0.081
fuzzy_3x3,rapid_double_step,convergence_rate,not_applicable,50,50,1.0,,0.9286524008666414,1.0,,
fuzzy_3x3,rapid_double_step,energy_yield_j,not_applicable,50,50,507.6963769958418,7.466073510704194,505.5745423839872,509.81821160769636,511.8366454583048,5.735035216131109
fuzzy_3x3,rapid_double_step,energy_yield_ratio,not_applicable,50,50,0.9292138856399401,0.01366481915511424,0.9253303870102407,0.9330973842696395,0.9367916331282373,0.01049657748002153
fuzzy_3x3,rapid_double_step,oscillation_p2p_w,not_applicable,50,50,238.71828319074928,0.0007357423506897282,238.71807409508702,238.71849228641153,238.71849418492394,0.0013940099983358323
fuzzy_3x3,rapid_double_step,oscillation_std_w,not_applicable,50,50,112.01494696234377,0.551566023094489,111.85819363318797,112.17170029149958,111.7943254702646,0.7405433601135485
fuzzy_3x3,rapid_double_step,settling_time_s,not_applicable,50,50,0.05886000000000001,0.060530650019942255,0.041657379625819405,0.07606262037418061,0.035,0.081
fuzzy_3x3,rapid_double_step,settling_rate,not_applicable,50,50,1.0,,0.9286524008666414,1.0,,
fuzzy_3x3,rapid_double_step,tracking_efficiency_pct,not_applicable,50,50,92.92138856399403,1.3664819155114245,92.53303870102408,93.30973842696397,93.67916331282373,1.0496577480021472
fuzzy_3x3,rapid_fluctuation_cloud_passage,convergence_time_s,not_applicable,50,50,0.07378,0.07566394283209117,0.05227654540096066,0.09528345459903934,0.049,0.108
fuzzy_3x3,rapid_fluctuation_cloud_passage,convergence_rate,not_applicable,50,50,1.0,,0.9286524008666414,1.0,,
fuzzy_3x3,rapid_fluctuation_cloud_passage,energy_yield_j,not_applicable,50,50,813.3865353069073,8.385725274493078,811.0033385559761,815.7697320578384,817.8983696901942,6.608848996489769
fuzzy_3x3,rapid_fluctuation_cloud_passage,energy_yield_ratio,not_applicable,50,50,0.929950089164325,0.009587453969569238,0.9272253648975429,0.932674813431107,0.9351084986103938,0.00755593982292857
fuzzy_3x3,rapid_fluctuation_cloud_passage,oscillation_p2p_w,not_applicable,50,50,145.3723966547244,7.580154433174321,143.21814060347435,147.52665270597447,146.4785109884962,10.319583262187848
fuzzy_3x3,rapid_fluctuation_cloud_passage,oscillation_std_w,not_applicable,50,50,32.33358003254916,1.458595382384343,31.91905181197951,32.7481082531188,32.56320562543263,2.2502576266396837
fuzzy_3x3,rapid_fluctuation_cloud_passage,settling_time_s,not_applicable,50,50,0.10132,0.09571672491561456,0.07411760779636904,0.12852239220363096,0.0805,0.13125
fuzzy_3x3,rapid_fluctuation_cloud_passage,settling_rate,not_applicable,50,50,1.0,,0.9286524008666414,1.0,,
fuzzy_3x3,rapid_fluctuation_cloud_passage,tracking_efficiency_pct,not_applicable,50,50,92.99500891643252,0.958745396956922,92.72253648975432,93.26748134311073,93.51084986103936,0.7555939822928366
fuzzy_3x3,sensor_noise_robustness,convergence_time_s,not_applicable,50,50,0.03754,0.03657489380904417,0.02714553020303489,0.047934469796965105,0.0295,0.0475
fuzzy_3x3,sensor_noise_robustness,convergence_rate,not_applicable,50,50,1.0,,0.9286524008666414,1.0,,
fuzzy_3x3,sensor_noise_robustness,energy_yield_j,not_applicable,50,50,487.27666504287686,5.010949040523365,485.8525690843816,488.7007610013721,489.44618197299985,2.4353133857814555
fuzzy_3x3,sensor_noise_robustness,energy_yield_ratio,not_applicable,50,50,0.9752164772827372,0.010028717608942994,0.9723663472773653,0.9780666072881091,0.9795584636937091,0.004873941051440123
fuzzy_3x3,sensor_noise_robustness,oscillation_p2p_w,not_applicable,50,50,0.0,0.0,0.0,0.0,0.0,0.0
fuzzy_3x3,sensor_noise_robustness,oscillation_std_w,not_applicable,50,50,0.0,0.0,0.0,0.0,0.0,0.0
fuzzy_3x3,sensor_noise_robustness,settling_time_s,not_applicable,50,0,,,,,,
fuzzy_3x3,sensor_noise_robustness,settling_rate,not_applicable,50,0,0.0,,0.0,0.07134759913335872,,
fuzzy_3x3,sensor_noise_robustness,tracking_efficiency_pct,not_applicable,50,50,97.52164772827373,1.0028717608942994,97.23663472773654,97.80666072881093,97.95584636937092,0.4873941051440056
fuzzy_3x3,steady_state,convergence_time_s,not_applicable,50,50,0.05886000000000001,0.060530650019942255,0.041657379625819405,0.07606262037418061,0.035,0.081
fuzzy_3x3,steady_state,convergence_rate,not_applicable,50,50,1.0,,0.9286524008666414,1.0,,
fuzzy_3x3,steady_state,energy_yield_j,not_applicable,50,50,494.6964262647847,7.465467568684398,492.5747638597465,496.8180886698229,498.83693832718893,5.734393139963686
fuzzy_3x3,steady_state,energy_yield_ratio,not_applicable,50,50,0.9900660974681641,0.014941095081908504,0.9858198852338014,0.9943123097025268,0.9983527565210641,0.01147659036128379
fuzzy_3x3,steady_state,oscillation_p2p_w,not_applicable,50,50,4.486692267332634,0.9452595893956858,4.218052464752114,4.755332069913154,4.766468373383617,0.2545981299422948
fuzzy_3x3,steady_state,oscillation_std_w,not_applicable,50,50,0.2689625568880798,0.06821693570340469,0.24957551829508703,0.28834959548107253,0.3014079901535244,0.07017863394531015
fuzzy_3x3,steady_state,settling_time_s,not_applicable,50,50,0.05886000000000001,0.060530650019942255,0.041657379625819405,0.07606262037418061,0.035,0.081
fuzzy_3x3,steady_state,settling_rate,not_applicable,50,50,1.0,,0.9286524008666414,1.0,,
fuzzy_3x3,steady_state,tracking_efficiency_pct,not_applicable,50,50,99.0066097468164,1.494109508190855,98.58198852338012,99.43123097025267,99.83527565210642,1.1476590361284025
fuzzy_3x3,step_change_irradiance,convergence_time_s,not_applicable,50,50,0.05886000000000001,0.060530650019942255,0.041657379625819405,0.07606262037418061,0.035,0.081
fuzzy_3x3,step_change_irradiance,convergence_rate,not_applicable,50,50,1.0,,0.9286524008666414,1.0,,
fuzzy_3x3,step_change_irradiance,energy_yield_j,not_applicable,50,50,1039.023566096023,7.4664266759868125,1036.9016311157056,1041.1455010763402,1043.1636835739903,5.735410079096027
fuzzy_3x3,step_change_irradiance,energy_yield_ratio,not_applicable,50,50,0.9904640723298342,0.00711747799815213,0.9884413074663567,0.9924868371933118,0.9944106985190353,0.005467361673775817
fuzzy_3x3,step_change_irradiance,oscillation_p2p_w,not_applicable,50,50,149.83182774322194,0.006615405811322774,149.829947665695,149.83370782074888,149.83372518554887,0.012533828218352028
fuzzy_3x3,step_change_irradiance,oscillation_std_w,not_applicable,50,50,50.49003886150782,0.09700237928451515,50.46247109037577,50.51760663263987,50.449721615512246,0.13112395407197397
fuzzy_3x3,step_change_irradiance,settling_time_s,not_applicable,50,50,0.05886000000000001,0.060530650019942255,0.041657379625819405,0.07606262037418061,0.035,0.081
fuzzy_3x3,step_change_irradiance,settling_rate,not_applicable,50,50,1.0,,0.9286524008666414,1.0,,
fuzzy_3x3,step_change_irradiance,tracking_efficiency_pct,not_applicable,50,50,99.04640723298343,0.7117477998152141,98.84413074663567,99.24868371933118,99.44106985190353,0.5467361673775741
fuzzy_3x3,temperature_step,convergence_time_s,not_applicable,50,50,0.05886000000000001,0.060530650019942255,0.041657379625819405,0.07606262037418061,0.035,0.081
fuzzy_3x3,temperature_step,convergence_rate,not_applicable,50,50,1.0,,0.9286524008666414,1.0,,
fuzzy_3x3,temperature_step,energy_yield_j,not_applicable,50,50,1197.336094591327,7.465431714362085,1195.2144423759746,1199.4577468066796,1201.4766216006713,5.734355196927709
fuzzy_3x3,temperature_step,energy_yield_ratio,not_applicable,50,50,0.9957292656385435,0.006208406204570026,0.9939648561198824,0.9974936751572046,0.9991726128632656,0.004768807450924006
fuzzy_3x3,temperature_step,oscillation_p2p_w,not_applicable,50,50,29.698242706700615,0.0058009846634977215,29.696594085102635,29.699891328298595,29.69639067319467,0.01114363118787054
fuzzy_3x3,temperature_step,oscillation_std_w,not_applicable,50,50,11.443574453420933,0.019813294440397672,11.437943577451358,11.449205329390507,11.434029100987312,0.025669377141410266
fuzzy_3x3,temperature_step,settling_time_s,not_applicable,50,50,0.05886000000000001,0.060530650019942255,0.041657379625819405,0.07606262037418061,0.035,0.081
fuzzy_3x3,temperature_step,settling_rate,not_applicable,50,50,1.0,,0.9286524008666414,1.0,,
fuzzy_3x3,temperature_step,tracking_efficiency_pct,not_applicable,50,50,99.57292656385434,0.6208406204570017,99.39648561198824,99.74936751572044,99.91726128632655,0.4768807450924015
fuzzy_5x5,multi_level_irradiance,convergence_time_s,not_applicable,50,50,2.006,0.0,2.006,2.006,2.006,0.0
fuzzy_5x5,multi_level_irradiance,convergence_rate,not_applicable,50,50,1.0,,0.9286524008666414,1.0,,
fuzzy_5x5,multi_level_irradiance,energy_yield_j,not_applicable,50,50,719.0413381718176,0.5722094660337803,718.8787180410995,719.2039583025357,719.1484560666562,0.8107079098283521
fuzzy_5x5,multi_level_irradiance,energy_yield_ratio,not_applicable,50,50,0.9649918808436749,0.0007679356659360082,0.9647736359424797,0.9652101257448702,0.9651356387798671,0.001088013316048131
fuzzy_5x5,multi_level_irradiance,oscillation_p2p_w,not_applicable,50,50,102.38766658367602,0.01552491534316809,102.38325445155945,102.3920787157926,102.39969859500226,0.03166318770064436
fuzzy_5x5,multi_level_irradiance,oscillation_std_w,not_applicable,50,50,40.82206149712168,1.5449158053808967e-05,40.822057106519544,40.82206588772382,40.82207347042012,3.150868010948216e-05
fuzzy_5x5,multi_level_irradiance,settling_time_s,not_applicable,50,50,2.006,0.0,2.006,2.006,2.006,0.0
fuzzy_5x5,multi_level_irradiance,settling_rate,not_applicable,50,50,1.0,,0.9286524008666414,1.0,,
fuzzy_5x5,multi_level_irradiance,tracking_efficiency_pct,not_applicable,50,50,96.49918808436749,0.07679356659360151,96.47736359424796,96.52101257448702,96.51356387798671,0.10880133160480909
fuzzy_5x5,partial_shading_complex_pattern_a,convergence_time_s,not_applicable,50,0,,,,,,
fuzzy_5x5,partial_shading_complex_pattern_a,convergence_rate,not_applicable,50,0,0.0,,0.0,0.07134759913335872,,
fuzzy_5x5,partial_shading_complex_pattern_a,energy_yield_j,not_applicable,50,50,482.87579551298836,174.06531715849752,433.4069797906649,532.3446112353118,351.75456198705035,351.6692953208399
fuzzy_5x5,partial_shading_complex_pattern_a,energy_yield_ratio,not_applicable,50,50,0.5370524469824858,0.19359472018149457,0.4820334363386092,0.5920714576263624,0.39121995761188777,0.39112512438114855
fuzzy_5x5,partial_shading_complex_pattern_a,oscillation_p2p_w,not_applicable,50,50,0.0,0.0,0.0,0.0,0.0,0.0
fuzzy_5x5,partial_shading_complex_pattern_a,oscillation_std_w,not_applicable,50,50,0.0,0.0,0.0,0.0,0.0,0.0
fuzzy_5x5,partial_shading_complex_pattern_a,settling_time_s,not_applicable,50,0,,,,,,
fuzzy_5x5,partial_shading_complex_pattern_a,settling_rate,not_applicable,50,0,0.0,,0.0,0.07134759913335872,,
fuzzy_5x5,partial_shading_complex_pattern_a,tracking_efficiency_pct,not_applicable,50,50,53.70524469824859,19.35947201814946,48.20334363386093,59.20714576263625,39.12199576118878,39.112512438114834
fuzzy_5x5,partial_shading_complex_pattern_b,convergence_time_s,not_applicable,50,0,,,,,,
fuzzy_5x5,partial_shading_complex_pattern_b,convergence_rate,not_applicable,50,0,0.0,,0.0,0.07134759913335872,,
fuzzy_5x5,partial_shading_complex_pattern_b,energy_yield_j,not_applicable,50,50,346.71280358879187,8.575549879419563,344.2756592821158,349.14994789546796,350.48621900391845,4.355275635568091
fuzzy_5x5,partial_shading_complex_pattern_b,energy_yield_ratio,not_applicable,50,50,0.7129837082483607,0.01763484731457721,0.7079719401009946,0.7179954763957267,0.7207433977884948,0.008956232769453676
fuzzy_5x5,partial_shading_complex_pattern_b,oscillation_p2p_w,not_applicable,50,50,0.0,0.0,0.0,0.0,0.0,0.0
fuzzy_5x5,partial_shading_complex_pattern_b,oscillation_std_w,not_applicable,50,50,0.0,0.0,0.0,0.0,0.0,0.0
fuzzy_5x5,partial_shading_complex_pattern_b,settling_time_s,not_applicable,50,0,,,,,,
fuzzy_5x5,partial_shading_complex_pattern_b,settling_rate,not_applicable,50,0,0.0,,0.0,0.07134759913335872,,
fuzzy_5x5,partial_shading_complex_pattern_b,tracking_efficiency_pct,not_applicable,50,50,71.29837082483607,1.7634847314577204,70.79719401009946,71.79954763957268,72.07433977884949,0.895623276945372
fuzzy_5x5,partial_shading_complex_pattern_c,convergence_time_s,not_applicable,50,50,0.12720000000000004,0.08953485240909469,0.10175447652148949,0.15264552347851057,0.125,0.13
fuzzy_5x5,partial_shading_complex_pattern_c,convergence_rate,not_applicable,50,50,1.0,,0.9286524008666414,1.0,,
fuzzy_5x5,partial_shading_complex_pattern_c,energy_yield_j,not_applicable,50,50,786.8404764882703,19.75059659882662,781.2274190480931,792.4535339284474,793.3768460302781,25.66119269385206
fuzzy_5x5,partial_shading_complex_pattern_c,energy_yield_ratio,not_applicable,50,50,0.9769999871985529,0.02452381797939325,0.9700303952532158,0.9839695791438899,0.985116032508484,0.0318628561729396
fuzzy_5x5,partial_shading_complex_pattern_c,oscillation_p2p_w,not_applicable,50,50,5.602128647004424,1.7545586860783136,5.103488586293324,6.100768707715524,5.794447259707738,1.8332535997553379
fuzzy_5x5,partial_shading_complex_pattern_c,oscillation_std_w,not_applicable,50,50,0.4922472075117177,0.15662652289499146,0.44773444227620873,0.5367599727472266,0.5079645632342396,0.16030554588033158
fuzzy_5x5,partial_shading_complex_pattern_c,settling_time_s,not_applicable,50,50,0.12760000000000002,0.08899805088441258,0.10230703382662902,0.152892966173371,0.125,0.13
fuzzy_5x5,partial_shading_complex_pattern_c,settling_rate,not_applicable,50,50,1.0,,0.9286524008666414,1.0,,
fuzzy_5x5,partial_shading_complex_pattern_c,tracking_efficiency_pct,not_applicable,50,50,97.69999871985529,2.452381797939328,97.00303952532158,98.39695791438899,98.5116032508484,3.1862856172939615
fuzzy_5x5,partial_shading_simple,convergence_time_s,not_applicable,50,0,,,,,,
fuzzy_5x5,partial_shading_simple,convergence_rate,not_applicable,50,0,0.0,,0.0,0.07134759913335872,,
fuzzy_5x5,partial_shading_simple,energy_yield_j,not_applicable,50,50,382.1181143928183,5.0655353396044465,380.6785051797915,383.5577236058451,384.33223119152797,2.7811030648341557
fuzzy_5x5,partial_shading_simple,energy_yield_ratio,not_applicable,50,50,0.9255019979224577,0.012268884674049463,0.9220152194822337,0.9289887763626816,0.9308646579054725,0.006735918413661723
fuzzy_5x5,partial_shading_simple,oscillation_p2p_w,not_applicable,50,50,0.0,0.0,0.0,0.0,0.0,0.0
fuzzy_5x5,partial_shading_simple,oscillation_std_w,not_applicable,50,50,0.0,0.0,0.0,0.0,0.0,0.0
fuzzy_5x5,partial_shading_simple,settling_time_s,not_applicable,50,0,,,,,,
fuzzy_5x5,partial_shading_simple,settling_rate,not_applicable,50,0,0.0,,0.0,0.07134759913335872,,
fuzzy_5x5,partial_shading_simple,tracking_efficiency_pct,not_applicable,50,50,92.55019979224576,1.2268884674049443,92.20152194822337,92.89887763626815,93.08646579054724,0.6735918413661466
fuzzy_5x5,rapid_double_step,convergence_time_s,not_applicable,50,50,0.00762,0.006104163851546796,0.005885215830238728,0.009354784169761272,0.006,0.00675
fuzzy_5x5,rapid_double_step,convergence_rate,not_applicable,50,50,1.0,,0.9286524008666414,1.0,,
fuzzy_5x5,rapid_double_step,energy_yield_j,not_applicable,50,50,522.6558406276168,0.8428217859535494,522.4163133266202,522.8953679286135,523.0301129109346,0.6625176081807922
fuzzy_5x5,rapid_double_step,energy_yield_ratio,not_applicable,50,50,0.9565935203157357,0.0015425788761031798,0.956155124250369,0.9570319163811025,0.9572785340728298,0.0012125762343339064
fuzzy_5x5,rapid_double_step,oscillation_p2p_w,not_applicable,50,50,238.71784903004428,6.365910372503773e-08,238.71784901195255,238.717849048136,238.71784901788243,7.257764877977024e-08
fuzzy_5x5,rapid_double_step,oscillation_std_w,not_applicable,50,50,106.39750054962478,0.05388028568611122,106.38218794187969,106.41281315736987,106.38289567591539,0.06023313844987399
fuzzy_5x5,rapid_double_step,settling_time_s,not_applicable,50,50,0.00762,0.006104163851546796,0.005885215830238728,0.009354784169761272,0.006,0.00675
fuzzy_5x5,rapid_double_step,settling_rate,not_applicable,50,50,1.0,,0.9286524008666414,1.0,,
fuzzy_5x5,rapid_double_step,tracking_efficiency_pct,not_applicable,50,50,95.65935203157356,0.1542578876103163,95.61551242503688,95.70319163811024,95.72785340728298,0.12125762343339375
fuzzy_5x5,rapid_fluctuation_cloud_passage,convergence_time_s,not_applicable,50,50,0.0077,0.006158617655657106,0.005949740230361128,0.009450259769638873,0.006,0.007499999999999999
fuzzy_5x5,rapid_fluctuation_cloud_passage,convergence_rate,not_applicable,50,50,1.0,,0.9286524008666414,1.0,,
fuzzy_5x5,rapid_fluctuation_cloud_passage,energy_yield_j,not_applicable,50,50,820.8985481279179,0.8499706728576533,820.6569891357456,821.1401071200903,821.2871216107312,0.6486418766716042
fuzzy_5x5,rapid_fluctuation_cloud_passage,energy_yield_ratio,not_applicable,50,50,0.9385386220321164,0.0009717769703586209,0.93826244607326,0.9388147979909727,0.9389828806094396,0.0007415964548994625
fuzzy_5x5,rapid_fluctuation_cloud_passage,oscillation_p2p_w,not_applicable,50,50,152.94967569484413,0.728449591699634,152.7426526117679,153.15669877792035,153.11034376176912,0.564031715544786
fuzzy_5x5,rapid_fluctuation_cloud_passage,oscillation_std_w,not_applicable,50,50,34.04653262254615,0.16730712551880506,33.998984463634145,34.09408078145816,34.09352234786728,0.15929517976733365
fuzzy_5x5,rapid_fluctuation_cloud_passage,settling_time_s,not_applicable,50,50,0.0108,0.009504027073417083,0.008098985394736974,0.013501014605263028,0.008,0.00925
fuzzy_5x5,rapid_fluctuation_cloud_passage,settling_rate,not_applicable,50,50,1.0,,0.9286524008666414,1.0,,
fuzzy_5x5,rapid_fluctuation_cloud_passage,tracking_efficiency_pct,not_applicable,50,50,93.85386220321165,0.0971776970358623,93.82624460732602,93.88147979909728,93.89828806094394,0.07415964548994225
fuzzy_5x5,sensor_noise_robustness,convergence_time_s,not_applicable,50,50,0.0101,0.0074648837764508,0.007978503506878658,0.01222149649312134,0.009,0.011
fuzzy_5x5,sensor_noise_robustness,convergence_rate,not_applicable,50,50,1.0,,0.9286524008666414,1.0,,
fuzzy_5x5,sensor_noise_robustness,energy_yield_j,not_applicable,50,50,489.67410181336237,0.9402617106496498,489.4068823922038,489.94132123452096,490.06640527738983,1.0133955666099723
fuzzy_5x5,sensor_noise_robustness,energy_yield_ratio,not_applicable,50,50,0.9800146135563372,0.0018818030473568871,0.9794798110483187,0.9805494160643557,0.9807997543801463,0.002028170289000597
fuzzy_5x5,sensor_noise_robustness,oscillation_p2p_w,not_applicable,50,50,0.0,0.0,0.0,0.0,0.0,0.0
fuzzy_5x5,sensor_noise_robustness,oscillation_std_w,not_applicable,50,50,0.0,0.0,0.0,0.0,0.0,0.0
fuzzy_5x5,sensor_noise_robustness,settling_time_s,not_applicable,50,0,,,,,,
fuzzy_5x5,sensor_noise_robustness,settling_rate,not_applicable,50,0,0.0,,0.0,0.07134759913335872,,
fuzzy_5x5,sensor_noise_robustness,tracking_efficiency_pct,not_applicable,50,50,98.00146135563372,0.18818030473568823,97.94798110483187,98.05494160643558,98.07997543801463,0.20281702890007125
fuzzy_5x5,steady_state,convergence_time_s,not_applicable,50,50,0.00762,0.006104163851546796,0.005885215830238728,0.009354784169761272,0.006,0.00675
fuzzy_5x5,steady_state,convergence_rate,not_applicable,50,50,1.0,,0.9286524008666414,1.0,,
fuzzy_5x5,steady_state,energy_yield_j,not_applicable,50,50,499.04576230262865,0.8428217862385059,498.80623500155104,499.28528960370625,499.4200345856424,0.66251759109457
fuzzy_5x5,steady_state,energy_yield_ratio,not_applicable,50,50,0.9987706886657987,0.0016867905900651667,0.9982913080848521,0.9992500692467452,0.9995197425884876,0.0013259368192160004
fuzzy_5x5,steady_state,oscillation_p2p_w,not_applicable,50,50,2.956749147710093,1.1385152256424487,2.63318670107357,3.2803115943466157,3.0294762862325086,1.5736270592459003
fuzzy_5x5,steady_state,oscillation_std_w,not_applicable,50,50,0.07399842459735573,0.029274747377684575,0.06567863345811584,0.08231821573659562,0.0762128813794719,0.0425217040786486
fuzzy_5x5,steady_state,settling_time_s,not_applicable,50,50,0.00762,0.006104163851546796,0.005885215830238728,0.009354784169761272,0.006,0.00675
fuzzy_5x5,steady_state,settling_rate,not_applicable,50,50,1.0,,0.9286524008666414,1.0,,
fuzzy_5x5,steady_state,tracking_efficiency_pct,not_applicable,50,50,99.87706886657989,0.16867905900651656,99.82913080848523,99.92500692467455,99.95197425884878,0.13259368192159116
fuzzy_5x5,step_change_irradiance,convergence_time_s,not_applicable,50,50,0.00762,0.006104163851546796,0.005885215830238728,0.009354784169761272,0.006,0.00675
fuzzy_5x5,step_change_irradiance,convergence_rate,not_applicable,50,50,1.0,,0.9286524008666414,1.0,,
fuzzy_5x5,step_change_irradiance,energy_yield_j,not_applicable,50,50,1047.8891810268774,0.8428217851546128,1047.6496537261078,1048.128708327647,1048.2634533128487,0.6625176167437985
fuzzy_5x5,step_change_irradiance,energy_yield_ratio,not_applicable,50,50,0.9989153465402123,0.0008034319189786331,0.9986870137155336,0.999143679364891,0.9992721269488761,0.0006315543921068256
fuzzy_5x5,step_change_irradiance,oscillation_p2p_w,not_applicable,50,50,149.82791401300835,5.723714624441948e-07,149.82791385034218,149.82791417567452,149.82791390365855,6.525597768813896e-07
fuzzy_5x5,step_change_irradiance,oscillation_std_w,not_applicable,50,50,49.10974569608973,0.010009943290948745,49.106900901686494,49.11259049049297,49.106887608337075,0.011510841957637297
fuzzy_5x5,step_change_irradiance,settling_time_s,not_applicable,50,50,0.00762,0.006104163851546796,0.005885215830238728,0.009354784169761272,0.006,0.00675
fuzzy_5x5,step_change_irradiance,settling_rate,not_applicable,50,50,1.0,,0.9286524008666414,1.0,,
fuzzy_5x5,step_change_irradiance,tracking_efficiency_pct,not_applicable,50,50,99.89153465402123,0.08034319189786188,99.86870137155336,99.9143679364891,99.9272126948876,0.06315543921067501
fuzzy_5x5,temperature_step,convergence_time_s,not_applicable,50,50,0.00762,0.006104163851546796,0.005885215830238728,0.009354784169761272,0.006,0.00675
fuzzy_5x5,temperature_step,convergence_rate,not_applicable,50,50,1.0,,0.9286524008666414,1.0,,
fuzzy_5x5,temperature_step,energy_yield_j,not_applicable,50,50,1201.822728476263,0.8428217862045825,1201.583201175195,1202.0622557773308,1202.1970007581017,0.6625175845661033
fuzzy_5x5,temperature_step,energy_yield_ratio,not_applicable,50,50,0.9994604424431324,0.0007009078921387358,0.999261246624456,0.9996596382618087,0.9997716949527891,0.0005509632182078006
fuzzy_5x5,temperature_step,oscillation_p2p_w,not_applicable,50,50,38.89425402653244,5.666061594318191e-07,38.89425386550475,38.89425418756012,38.89425413478082,6.459866810359927e-07
fuzzy_5x5,temperature_step,oscillation_std_w,not_applicable,50,50,11.44220679320604,0.0024125286866963245,11.441521160140388,11.442892426271692,11.441455331384091,0.0029415440390483383
fuzzy_5x5,temperature_step,settling_time_s,not_applicable,50,50,0.00762,0.006104163851546796,0.005885215830238728,0.009354784169761272,0.006,0.00675
fuzzy_5x5,temperature_step,settling_rate,not_applicable,50,50,1.0,,0.9286524008666414,1.0,,
fuzzy_5x5,temperature_step,tracking_efficiency_pct,not_applicable,50,50,99.94604424431323,0.07009078921387304,99.9261246624456,99.96596382618085,99.9771694952789,0.055096321820784055
fuzzy_logic,_computational_burden,mean_step_time_s,not_applicable,1,1,9.377068899993902e-05,0.0,,,9.377068899993902e-05,0.0
fuzzy_logic,_computational_burden,relative_burden,not_applicable,1,1,136.99271133924785,0.0,,,136.99271133924785,0.0
fuzzy_logic,multi_level_irradiance,convergence_time_s,not_applicable,50,50,2.006,0.0,2.006,2.006,2.006,0.0
fuzzy_logic,multi_level_irradiance,convergence_rate,not_applicable,50,50,1.0,,0.9286524008666414,1.0,,
fuzzy_logic,multi_level_irradiance,energy_yield_j,not_applicable,50,50,719.0316382709938,0.599230859734967,718.8613387451649,719.2019377968227,719.1439611396148,0.8495303979318578
fuzzy_logic,multi_level_irradiance,energy_yield_ratio,not_applicable,50,50,0.964978863058684,0.0008041998195339431,0.9647503119990825,0.9652074141182855,0.9651296063476971,0.0011401151686474265
fuzzy_logic,multi_level_irradiance,oscillation_p2p_w,not_applicable,50,50,102.53797966835276,0.01190395334082797,102.53459660224978,102.54136273445575,102.546437747495,0.024876703359652197
fuzzy_logic,multi_level_irradiance,oscillation_std_w,not_applicable,50,50,40.82196621701952,1.2071694771413464e-05,40.82196278628183,40.821969647757214,40.82197479417649,2.5227139914818508e-05
fuzzy_logic,multi_level_irradiance,settling_time_s,not_applicable,50,50,2.006,0.0,2.006,2.006,2.006,0.0
fuzzy_logic,multi_level_irradiance,settling_rate,not_applicable,50,50,1.0,,0.9286524008666414,1.0,,
fuzzy_logic,multi_level_irradiance,tracking_efficiency_pct,not_applicable,50,50,96.49788630586839,0.08041998195339448,96.47503119990824,96.52074141182854,96.51296063476971,0.11401151686474975
fuzzy_logic,partial_shading_complex_pattern_a,convergence_time_s,not_applicable,50,0,,,,,,
fuzzy_logic,partial_shading_complex_pattern_a,convergence_rate,not_applicable,50,0,0.0,,0.0,0.07134759913335872,,
fuzzy_logic,partial_shading_complex_pattern_a,energy_yield_j,not_applicable,50,50,482.54958062937686,173.9852820785113,433.10351062508494,531.9956506336688,351.74511617439623,351.25739372394617
fuzzy_logic,partial_shading_complex_pattern_a,energy_yield_ratio,not_applicable,50,50,0.5366896321487054,0.19350570549914675,0.48169591919761173,0.5916833450997989,0.39120945201842716,0.3906670091420262
fuzzy_logic,partial_shading_complex_pattern_a,oscillation_p2p_w,not_applicable,50,50,0.0,0.0,0.0,0.0,0.0,0.0
fuzzy_logic,partial_shading_complex_pattern_a,oscillation_std_w,not_applicable,50,50,0.0,0.0,0.0,0.0,0.0,0.0
fuzzy_logic,partial_shading_complex_pattern_a,settling_time_s,not_applicable,50,0,,,,,,
fuzzy_logic,partial_shading_complex_pattern_a,settling_rate,not_applicable,50,0,0.0,,0.0,0.07134759913335872,,
fuzzy_logic,partial_shading_complex_pattern_a,tracking_efficiency_pct,not_applicable,50,50,53.66896321487054,19.350570549914675,48.169591919761174,59.1683345099799,39.120945201842716,39.06670091420262
fuzzy_logic,partial_shading_complex_pattern_b,convergence_time_s,not_applicable,50,0,,,,,,
fuzzy_logic,partial_shading_complex_pattern_b,convergence_rate,not_applicable,50,0,0.0,,0.0,0.07134759913335872,,
fuzzy_logic,partial_shading_complex_pattern_b,energy_yield_j,not_applicable,50,50,346.55546182272604,8.652226001529709,344.0965264032833,349.0143972421688,350.43542660782657,4.631586178681516
fuzzy_logic,partial_shading_complex_pattern_b,energy_yield_ratio,not_applicable,50,50,0.7126601490527651,0.017792524865882852,0.7076035694411945,0.7177167286643357,0.7206389477925861,0.009524440558776437
fuzzy_logic,partial_shading_complex_pattern_b,oscillation_p2p_w,not_applicable,50,50,0.0,0.0,0.0,0.0,0.0,0.0
fuzzy_logic,partial_shading_complex_pattern_b,oscillation_std_w,not_applicable,50,50,0.0,0.0,0.0,0.0,0.0,0.0
fuzzy_logic,partial_shading_complex_pattern_b,settling_time_s,not_applicable,50,0,,,,,,
fuzzy_logic,partial_shading_complex_pattern_b,settling_rate,not_applicable,50,0,0.0,,0.0,0.07134759913335872,,
fuzzy_logic,partial_shading_complex_pattern_b,tracking_efficiency_pct,not_applicable,50,50,71.26601490527649,1.7792524865882855,70.76035694411944,71.77167286643355,72.0638947792586,0.952444055877649
fuzzy_logic,partial_shading_complex_pattern_c,convergence_time_s,not_applicable,50,50,0.13620000000000002,0.09614805759656217,0.10887502440493224,0.1635249755950678,0.135,0.14750000000000002
fuzzy_logic,partial_shading_complex_pattern_c,convergence_rate,not_applicable,50,50,1.0,,0.9286524008666414,1.0,,
fuzzy_logic,partial_shading_complex_pattern_c,energy_yield_j,not_applicable,50,50,785.5683306371346,21.13525222648075,779.5617584221507,791.5749028521186,792.5861801180814,27.40854534471464
fuzzy_logic,partial_shading_complex_pattern_c,energy_yield_ratio,not_applicable,50,50,0.9754203957598646,0.026243109971755135,0.9679621864372612,0.982878605082468,0.9841342825741871,0.03403249991717516
fuzzy_logic,partial_shading_complex_pattern_c,oscillation_p2p_w,not_applicable,50,50,5.971441592540037,1.7737602906161551,5.467344496205979,6.475538688874095,6.261084096404659,1.9475511243591512
fuzzy_logic,partial_shading_complex_pattern_c,oscillation_std_w,not_applicable,50,50,0.538375551830257,0.16308447145489882,0.4920274579234803,0.5847236457370336,0.5668816710088895,0.1653060402298907
fuzzy_logic,partial_shading_complex_pattern_c,settling_time_s,not_applicable,50,50,0.1366,0.09560996447087745,0.1094279487790148,0.1637720512209852,0.135,0.14750000000000002
fuzzy_logic,partial_shading_complex_pattern_c,settling_rate,not_applicable,50,50,1.0,,0.9286524008666414,1.0,,
fuzzy_logic,partial_shading_complex_pattern_c,tracking_efficiency_pct,not_applicable,50,50,97.5420395759865,2.6243109971755136,96.79621864372615,98.28786050824684,98.4134282574187,3.40324999171753
fuzzy_logic,partial_shading_simple,convergence_time_s,not_applicable,50,0,,,,,,
fuzzy_logic,partial_shading_simple,convergence_rate,not_applicable,50,0,0.0,,0.0,0.07134759913335872,,
fuzzy_logic,partial_shading_simple,energy_yield_j,not_applicable,50,50,381.8976239913985,5.4134020530744476,380.35915215240175,383.4360958303953,384.3321528687237,3.0587539777660595
fuzzy_logic,partial_shading_simple,energy_yield_ratio,not_applicable,50,50,0.9249679632893152,0.01311142871004414,0.9212417364837594,0.928694190094871,0.9308644682051962,0.007408397589509619
fuzzy_logic,partial_shading_simple,oscillation_p2p_w,not_applicable,50,50,0.0,0.0,0.0,0.0,0.0,0.0
fuzzy_logic,partial_shading_simple,oscillation_std_w,not_applicable,50,50,0.0,0.0,0.0,0.0,0.0,0.0
fuzzy_logic,partial_shading_simple,settling_time_s,not_applicable,50,0,,,,,,
fuzzy_logic,partial_shading_simple,settling_rate,not_applicable,50,0,0.0,,0.0,0.07134759913335872,,
fuzzy_logic,partial_shading_simple,tracking_efficiency_pct,not_applicable,50,50,92.49679632893154,1.311142871004415,92.12417364837596,92.86941900948712,93.08644682051963,0.740839758950969
fuzzy_logic,rapid_double_step,convergence_time_s,not_applicable,50,50,0.008,0.006586938219084859,0.006128012873250718,0.009871987126749283,0.006,0.007749999999999999
fuzzy_logic,rapid_double_step,convergence_rate,not_applicable,50,50,1.0,,0.9286524008666414,1.0,,
fuzzy_logic,rapid_double_step,energy_yield_j,not_applicable,50,50,522.7385599329233,0.9038759025445361,522.4816812439992,522.9954386218474,523.1645596236306,0.7099211085799197
fuzzy_logic,rapid_double_step,energy_yield_ratio,not_applicable,50,50,0.956744917746531,0.0016543234846574438,0.9562747642148363,0.9572150712782258,0.9575246058550532,0.0012993367329202643
fuzzy_logic,rapid_double_step,oscillation_p2p_w,not_applicable,50,50,238.7178490262203,8.024423321970892e-08,238.71784900341515,238.71784904902546,238.71784903622708,9.780998766473203e-08
fuzzy_logic,rapid_double_step,oscillation_std_w,not_applicable,50,50,106.42022818203773,0.058124829458054555,106.40370928830123,106.43674707577424,106.40257723357756,0.06897608919865661
fuzzy_logic,rapid_double_step,settling_time_s,not_applicable,50,50,0.008,0.006586938219084859,0.006128012873250718,0.009871987126749283,0.006,0.007749999999999999
fuzzy_logic,rapid_double_step,settling_rate,not_applicable,50,50,1.0,,0.9286524008666414,1.0,,
fuzzy_logic,rapid_double_step,tracking_efficiency_pct,not_applicable,50,50,95.6744917746531,0.1654323484657429,95.62747642148364,95.72150712782258,95.75246058550533,0.12993367329205796
fuzzy_logic,rapid_fluctuation_cloud_passage,convergence_time_s,not_applicable,50,50,0.00812,0.006711671223491576,0.006212564145668364,0.010027435854331638,0.006,0.007749999999999999
fuzzy_logic,rapid_fluctuation_cloud_passage,convergence_rate,not_applicable,50,50,1.0,,0.9286524008666414,1.0,,
fuzzy_logic,rapid_fluctuation_cloud_passage,energy_yield_j,not_applicable,50,50,820.7975162885067,0.9215332934935406,820.5356194246052,821.0594131524082,821.2236218223585,0.7471532058058301
fuzzy_logic,rapid_fluctuation_cloud_passage,energy_yield_ratio,not_applicable,50,50,0.9384231116763501,0.0010535949776066197,0.9381236832971416,0.9387225400555586,0.9389102808904916,0.0008542250949563623
fuzzy_logic,rapid_fluctuation_cloud_passage,oscillation_p2p_w,not_applicable,50,50,152.52518458990662,1.5446465622152596,152.08620089464947,152.96416828516377,153.07289166820635,1.4315293535372575
fuzzy_logic,rapid_fluctuation_cloud_passage,oscillation_std_w,not_applicable,50,50,33.97115865347248,0.35259343816486394,33.87095270720924,34.071364599735716,34.09494038827118,0.3075551222834818
fuzzy_logic,rapid_fluctuation_cloud_passage,settling_time_s,not_applicable,50,50,0.0154,0.02048294462249418,0.00957881155464143,0.02122118844535857,0.008,0.017
fuzzy_logic,rapid_fluctuation_cloud_passage,settling_rate,not_applicable,50,50,1.0,,0.9286524008666414,1.0,,
fuzzy_logic,rapid_fluctuation_cloud_passage,tracking_efficiency_pct,not_applicable,50,50,93.84231116763502,0.10535949776066063,93.81236832971416,93.87225400555587,93.89102808904917,0.08542250949561492
fuzzy_logic,sensor_noise_robustness,convergence_time_s,not_applicable,50,50,0.01058,0.00819678881872502,0.008250498395616118,0.012909501604383884,0.009,0.012
fuzzy_logic,sensor_noise_robustness,convergence_rate,not_applicable,50,50,1.0,,0.9286524008666414,1.0,,
fuzzy_logic,sensor_noise_robustness,energy_yield_j,not_applicable,50,50,488.9510538051092,1.0578491631814948,488.6504163997392,489.25169121047924,489.2389664494354,1.1781912152230802
fuzzy_logic,sensor_noise_robustness,energy_yield_ratio,not_applicable,50,50,0.978567533525421,0.0021171379801730957,0.9779658495695958,0.9791692174812463,0.9791437506417082,0.002357985860813261
fuzzy_logic,sensor_noise_robustness,oscillation_p2p_w,not_applicable,50,50,0.0,0.0,0.0,0.0,0.0,0.0
fuzzy_logic,sensor_noise_robustness,oscillation_std_w,not_applicable,50,50,0.0,0.0,0.0,0.0,0.0,0.0
fuzzy_logic,sensor_noise_robustness,settling_time_s,not_applicable,50,0,,,,,,
fuzzy_logic,sensor_noise_robustness,settling_rate,not_applicable,50,0,0.0,,0.0,0.07134759913335872,,
fuzzy_logic,sensor_noise_robustness,tracking_efficiency_pct,not_applicable,50,50,97.85675335254211,0.21171379801730986,97.79658495695958,97.91692174812465,97.91437506417083,0.23579858608133009
fuzzy_logic,steady_state,convergence_time_s,not_applicable,50,50,0.008,0.006586938219084859,0.006128012873250718,0.009871987126749283,0.006,0.007749999999999999
fuzzy_logic,steady_state,convergence_rate,not_applicable,50,50,1.0,,0.9286524008666414,1.0,,
fuzzy_logic,steady_state,energy_yield_j,not_applicable,50,50,499.01028494800033,0.9038759015510095,498.75340625935866,499.267163636642,499.43628463509936,0.7099211043054652
fuzzy_logic,steady_state,energy_yield_ratio,not_applicable,50,50,0.9986996856745084,0.0018089819107873128,0.9981855787044894,0.9992137926445274,0.999552264802507,0.0014208083582833986
fuzzy_logic,steady_state,oscillation_p2p_w,not_applicable,50,50,3.1407086271755897,1.1117433058870352,2.8247546759391438,3.4566625784120357,3.365235922640963,1.6226985852065994
fuzzy_logic,steady_state,oscillation_std_w,not_applicable,50,50,0.07789955104882199,0.02742099881025709,0.07010658942263258,0.08569251267501139,0.08350200477674685,0.03821404936816766
fuzzy_logic,steady_state,settling_time_s,not_applicable,50,50,0.008,0.006586938219084859,0.006128012873250718,0.009871987126749283,0.006,0.007749999999999999
fuzzy_logic,steady_state,settling_rate,not_applicable,50,50,1.0,,0.9286524008666414,1.0,,
fuzzy_logic,steady_state,tracking_efficiency_pct,not_applicable,50,50,99.86996856745085,0.18089819107873215,99.81855787044896,99.92137926445275,99.9552264802507,0.1420808358283523
fuzzy_logic,step_change_irradiance,convergence_time_s,not_applicable,50,50,0.008,0.006586938219084859,0.006128012873250718,0.009871987126749283,0.006,0.007749999999999999
fuzzy_logic,step_change_irradiance,convergence_rate,not_applicable,50,50,1.0,,0.9286524008666414,1.0,,
fuzzy_logic,step_change_irradiance,energy_yield_j,not_applicable,50,50,1047.8650671918163,0.9038759032776646,1047.6081885026838,1048.1219458809487,1048.2910668830812,0.7099211096772251
fuzzy_logic,step_change_irradiance,energy_yield_ratio,not_applicable,50,50,0.9988923596821144,0.0008616326301481101,0.9986474863983555,0.9991372329658733,0.9992984499795718,0.0006767424496111341
fuzzy_logic,step_change_irradiance,oscillation_p2p_w,not_applicable,50,50,149.8279139786268,7.214915527950575e-07,149.82791377358117,149.82791418367245,149.82791406859934,8.794286259217188e-07
fuzzy_logic,step_change_irradiance,oscillation_std_w,not_applicable,50,50,49.11349568320128,0.010731431958414969,49.11044584398774,49.11654552241482,49.11023617450371,0.01302578313984526
fuzzy_logic,step_change_irradiance,settling_time_s,not_applicable,50,50,0.008,0.006586938219084859,0.006128012873250718,0.009871987126749283,0.006,0.007749999999999999
fuzzy_logic,step_change_irradiance,settling_rate,not_applicable,50,50,1.0,,0.9286524008666414,1.0,,
fuzzy_logic,step_change_irradiance,tracking_efficiency_pct,not_applicable,50,50,99.88923596821145,0.08616326301481039,99.86474863983555,99.91372329658735,99.92984499795719,0.0676742449611254
fuzzy_logic,temperature_step,convergence_time_s,not_applicable,50,50,0.008,0.006586938219084859,0.006128012873250718,0.009871987126749283,0.006,0.007749999999999999
fuzzy_logic,temperature_step,convergence_rate,not_applicable,50,50,1.0,,0.9286524008666414,1.0,,
fuzzy_logic,temperature_step,energy_yield_j,not_applicable,50,50,1201.785994192895,0.9038759014027202,1201.5291155042955,1202.0428728814945,1202.211993878749,0.7099211029662911
fuzzy_logic,temperature_step,energy_yield_ratio,not_applicable,50,50,0.999429893459295,0.0007516817471700076,0.9992162678706964,0.9996435190478936,0.9997841635395786,0.0005903849568312802
fuzzy_logic,temperature_step,oscillation_p2p_w,not_applicable,50,50,40.04547685829079,7.237442559053668e-07,40.04547665260495,40.045477063976634,40.04547676803729,8.821744827969269e-07
fuzzy_logic,temperature_step,oscillation_std_w,not_applicable,50,50,11.44259956903191,0.002538444777944814,11.441878151009115,11.443320987054703,11.441852333710251,0.003308478912076751
fuzzy_logic,temperature_step,settling_time_s,not_applicable,50,50,0.008,0.006586938219084859,0.006128012873250718,0.009871987126749283,0.006,0.007749999999999999
fuzzy_logic,temperature_step,settling_rate,not_applicable,50,50,1.0,,0.9286524008666414,1.0,,
fuzzy_logic,temperature_step,tracking_efficiency_pct,not_applicable,50,50,99.94298934592949,0.0751681747170017,99.92162678706963,99.96435190478935,99.97841635395787,0.05903849568314001
