scenario,metric,algorithms_used,f_stat,p_value,eta_squared,note,test,algorithm_a,algorithm_b,n_pairs,t_stat,cohens_d,p_holm,n_complete_runs,stat
steady_state,tracking_efficiency_pct,"fuzzy_logic,fuzzy_5x5,fuzzy_3x3",16.384474923715853,3.7695978364543616e-07,0.18228370291557022,,anova,,,,,,,,
steady_state,convergence_time_s,"fuzzy_logic,fuzzy_5x5,fuzzy_3x3",34.79951287783578,4.237126565177329e-13,0.32132658728659663,,anova,,,,,,,,
steady_state,settling_time_s,"fuzzy_logic,fuzzy_5x5,fuzzy_3x3",34.79951287783578,4.237126565177329e-13,0.32132658728659663,,anova,,,,,,,,
steady_state,oscillation_p2p_w,"fuzzy_logic,fuzzy_5x5,fuzzy_3x3",30.550193575652514,8.030948168795169e-12,0.29361015607760643,,anova,,,,,,,,
steady_state,oscillation_std_w,"fuzzy_logic,fuzzy_5x5,fuzzy_3x3",297.5314699272854,2.091363503539697e-52,0.8019035959014349,,anova,,,,,,,,
steady_state,energy_yield_j,"fuzzy_logic,fuzzy_5x5,fuzzy_3x3",16.384474923715857,3.7695978364543616e-07,0.18228370291556598,,anova,,,,,,,,
steady_state,energy_yield_ratio,"fuzzy_logic,fuzzy_5x5,fuzzy_3x3",16.384474923715878,3.7695978364542864e-07,0.18228370291555673,,anova,,,,,,,,
multi_level_irradiance,tracking_efficiency_pct,"fuzzy_logic,fuzzy_5x5,fuzzy_3x3",87.64881359418624,8.728239474043271e-26,0.543899837915701,,anova,,,,,,,,
multi_level_irradiance,convergence_time_s,"fuzzy_logic,fuzzy_5x5,fuzzy_3x3",72.89792720279351,1.0122836763720775e-22,0.4979437113328402,,anova,,,,,,,,
multi_level_irradiance,settling_time_s,"fuzzy_logic,fuzzy_5x5,fuzzy_3x3",72.89792720279351,1.0122836763720775e-22,0.4979437113328402,,anova,,,,,,,,
multi_level_irradiance,oscillation_p2p_w,"fuzzy_logic,fuzzy_5x5,fuzzy_3x3",65.62099926984328,4.2929598138857275e-21,0.4716829207254485,,anova,,,,,,,,
multi_level_irradiance,oscillation_std_w,"fuzzy_logic,fuzzy_5x5,fuzzy_3x3",47.31564911488123,1.3679330416998217e-16,0.3916351024186679,,anova,,,,,,,,
multi_level_irradiance,energy_yield_j,"fuzzy_logic,fuzzy_5x5,fuzzy_3x3",87.64881359418622,8.728239474043349e-26,0.5438998379157066,,anova,,,,,,,,
multi_level_irradiance,energy_yield_ratio,"fuzzy_logic,fuzzy_5x5,fuzzy_3x3",87.64881359418618,8.728239474043427e-26,0.5438998379157047,,anova,,,,,,,,
step_change_irradiance,tracking_efficiency_pct,"fuzzy_logic,fuzzy_5x5,fuzzy_3x3",68.42960010209642,9.879966181870921e-22,0.4821376235321937,,anova,,,,,,,,
step_change_irradiance,convergence_time_s,"fuzzy_logic,fuzzy_5x5,fuzzy_3x3",34.79951287783578,4.237126565177329e-13,0.32132658728659663,,anova,,,,,,,,
step_change_irradiance,settling_time_s,"fuzzy_logic,fuzzy_5x5,fuzzy_3x3",34.79951287783578,4.237126565177329e-13,0.32132658728659663,,anova,,,,,,,,
step_change_irradiance,oscillation_p2p_w,"fuzzy_logic,fuzzy_5x5,fuzzy_3x3",17.50018340845303,1.5223438314849943e-07,0.19230932018866465,,anova,,,,,,,,
step_change_irradiance,oscillation_std_w,"fuzzy_logic,fuzzy_5x5,fuzzy_3x3",9870.55538424931,2.244913638533926e-157,0.9926086493729154,,anova,,,,,,,,
step_change_irradiance,energy_yield_j,"fuzzy_logic,fuzzy_5x5,fuzzy_3x3",68.42960010209683,9.879966181868742e-22,0.48213762353218725,,anova,,,,,,,,
step_change_irradiance,energy_yield_ratio,"fuzzy_logic,fuzzy_5x5,fuzzy_3x3",68.42960010209673,9.87996618186921e-22,0.48213762353219225,,anova,,,,,,,,
rapid_double_step,tracking_efficiency_pct,"fuzzy_logic,fuzzy_5x5,fuzzy_3x3",196.465363064479,2.957862339563146e-42,0.7277428512840488,,anova,,,,,,,,
rapid_double_step,convergence_time_s,"fuzzy_logic,fuzzy_5x5,fuzzy_3x3",34.79951287783578,4.237126565177329e-13,0.32132658728659663,,anova,,,,,,,,
rapid_double_step,settling_time_s,"fuzzy_logic,fuzzy_5x5,fuzzy_3x3",34.79951287783578,4.237126565177329e-13,0.32132658728659663,,anova,,,,,,,,
rapid_double_step,oscillation_p2p_w,"fuzzy_logic,fuzzy_5x5,fuzzy_3x3",17.410984845732926,1.6361261135111566e-07,0.19151684338966785,,anova,,,,,,,,
rapid_double_step,oscillation_std_w,"fuzzy_logic,fuzzy_5x5,fuzzy_3x3",5060.849517297677,2.827745658287246e-136,0.985684652018268,,anova,,,,,,,,
rapid_double_step,energy_yield_j,"fuzzy_logic,fuzzy_5x5,fuzzy_3x3",196.46536306447962,2.9578623395626586e-42,0.7277428512840527,,anova,,,,,,,,
rapid_double_step,energy_yield_ratio,"fuzzy_logic,fuzzy_5x5,fuzzy_3x3",196.46536306447945,2.957862339562791e-42,0.72774285128406,,anova,,,,,,,,
temperature_step,tracking_efficiency_pct,"fuzzy_logic,fuzzy_5x5,fuzzy_3x3",17.434872465187897,1.6048352776600755e-07,0.19172922326209577,,anova,,,,,,,,
temperature_step,convergence_time_s,"fuzzy_logic,fuzzy_5x5,fuzzy_3x3",34.79951287783578,4.237126565177329e-13,0.32132658728659663,,anova,,,,,,,,
temperature_step,settling_time_s,"fuzzy_logic,fuzzy_5x5,fuzzy_3x3",34.79951287783578,4.237126565177329e-13,0.32132658728659663,,anova,,,,,,,,
temperature_step,oscillation_p2p_w,"fuzzy_logic,fuzzy_5x5,fuzzy_3x3",143349946.46975148,0.0,0.9999994872689935,,anova,,,,,,,,
temperature_step,oscillation_std_w,"fuzzy_logic,fuzzy_5x5,fuzzy_3x3",0.1837291104743527,0.8323519946301049,0.0024934827904581807,,anova,,,,,,,,
temperature_step,energy_yield_j,"fuzzy_logic,fuzzy_5x5,fuzzy_3x3",17.43487246518805,1.6048352776598648e-07,0.19172922326208572,,anova,,,,,,,,
temperature_step,energy_yield_ratio,"fuzzy_logic,fuzzy_5x5,fuzzy_3x3",17.43487246518777,1.6048352776602375e-07,0.19172922326209618,,anova,,,,,,,,
rapid_fluctuation_cloud_passage,tracking_efficiency_pct,"fuzzy_logic,fuzzy_5x5,fuzzy_3x3",38.72582725339598,3.092412996835214e-14,0.3450705439306414,,anova,,,,,,,,
rapid_fluctuation_cloud_passage,convergence_time_s,"fuzzy_logic,fuzzy_5x5,fuzzy_3x3",37.35350991150994,7.638972615309617e-14,0.3369628074142876,,anova,,,,,,,,
rapid_fluctuation_cloud_passage,settling_time_s,"fuzzy_logic,fuzzy_5x5,fuzzy_3x3",40.31733846109178,1.0985001799635658e-14,0.3542284418720102,,anova,,,,,,,,
rapid_fluctuation_cloud_passage,oscillation_p2p_w,"fuzzy_logic,fuzzy_5x5,fuzzy_3x3",45.034021406477684,5.554660950860133e-16,0.3799248593114619,,anova,,,,,,,,
rapid_fluctuation_cloud_passage,oscillation_std_w,"fuzzy_logic,fuzzy_5x5,fuzzy_3x3",61.644840540031275,3.617082085410307e-20,0.45613906009064953,,anova,,,,,,,,
rapid_fluctuation_cloud_passage,energy_yield_j,"fuzzy_logic,fuzzy_5x5,fuzzy_3x3",38.72582725339583,3.0924129968354836e-14,0.34507054393065867,,anova,,,,,,,,
rapid_fluctuation_cloud_passage,energy_yield_ratio,"fuzzy_logic,fuzzy_5x5,fuzzy_3x3",38.72582725339595,3.0924129968352526e-14,0.34507054393065256,,anova,,,,,,,,
sensor_noise_robustness,tracking_efficiency_pct,"fuzzy_logic,fuzzy_5x5,fuzzy_3x3",8.366986147768786,0.0003619282095856604,0.10220220068521974,,anova,,,,,,,,
sensor_noise_robustness,convergence_time_s,"fuzzy_logic,fuzzy_5x5,fuzzy_3x3",25.331891783135926,3.5251853039345725e-10,0.25631293023026397,,anova,,,,,,,,
sensor_noise_robustness,settling_time_s,,,,,insufficient data (fewer than 2 algorithms with >=2 valid values),anova,,,,,,,,
sensor_noise_robustness,oscillation_p2p_w,"fuzzy_logic,fuzzy_5x5,fuzzy_3x3",,,,,anova,,,,,,,,
sensor_noise_robustness,oscillation_std_w,"fuzzy_logic,fuzzy_5x5,fuzzy_3x3",,,,,anova,,,,,,,,
sensor_noise_robustness,energy_yield_j,"fuzzy_logic,fuzzy_5x5,fuzzy_3x3",8.366986147768774,0.00036192820958566373,0.1022022006852177,,anova,,,,,,,,
sensor_noise_robustness,energy_yield_ratio,"fuzzy_logic,fuzzy_5x5,fuzzy_3x3",8.366986147768813,0.00036192820958565056,0.10220220068522567,,anova,,,,,,,,
partial_shading_simple,tracking_efficiency_pct,"fuzzy_logic,fuzzy_5x5,fuzzy_3x3",15.726470144928648,6.468916776753567e-07,0.17625341582362955,,anova,,,,,,,,
partial_shading_simple,convergence_time_s,,,,,insufficient data (fewer than 2 algorithms with >=2 valid values),anova,,,,,,,,
partial_shading_simple,settling_time_s,,,,,insufficient data (fewer than 2 algorithms with >=2 valid values),anova,,,,,,,,
partial_shading_simple,oscillation_p2p_w,"fuzzy_logic,fuzzy_5x5,fuzzy_3x3",,,,,anova,,,,,,,,
partial_shading_simple,oscillation_std_w,"fuzzy_logic,fuzzy_5x5,fuzzy_3x3",,,,,anova,,,,,,,,
partial_shading_simple,energy_yield_j,"fuzzy_logic,fuzzy_5x5,fuzzy_3x3",15.726470144928664,6.468916776753439e-07,0.17625341582362844,,anova,,,,,,,,
partial_shading_simple,energy_yield_ratio,"fuzzy_logic,fuzzy_5x5,fuzzy_3x3",15.726470144928658,6.468916776753503e-07,0.17625341582362744,,anova,,,,,,,,
partial_shading_complex_pattern_a,tracking_efficiency_pct,"fuzzy_logic,fuzzy_5x5,fuzzy_3x3",0.8527249483477797,0.4283492772900711,0.011468644208267603,,anova,,,,,,,,
partial_shading_complex_pattern_a,convergence_time_s,,,,,insufficient data (fewer than 2 algorithms with >=2 valid values),anova,,,,,,,,
partial_shading_complex_pattern_a,settling_time_s,,,,,insufficient data (fewer than 2 algorithms with >=2 valid values),anova,,,,,,,,
partial_shading_complex_pattern_a,oscillation_p2p_w,"fuzzy_logic,fuzzy_5x5,fuzzy_3x3",,,,,anova,,,,,,,,
partial_shading_complex_pattern_a,oscillation_std_w,"fuzzy_logic,fuzzy_5x5,fuzzy_3x3",,,,,anova,,,,,,,,
partial_shading_complex_pattern_a,energy_yield_j,"fuzzy_logic,fuzzy_5x5,fuzzy_3x3",0.8527249483477795,0.4283492772900711,0.011468644208267558,,anova,,,,,,,,
partial_shading_complex_pattern_a,energy_yield_ratio,"fuzzy_logic,fuzzy_5x5,fuzzy_3x3",0.8527249483477797,0.4283492772900711,0.011468644208267601,,anova,,,,,,,,
partial_shading_complex_pattern_b,tracking_efficiency_pct,"fuzzy_logic,fuzzy_5x5,fuzzy_3x3",13.410914337679355,4.468450831705882e-06,0.1543064463178145,,anova,,,,,,,,
partial_shading_complex_pattern_b,convergence_time_s,,,,,insufficient data (fewer than 2 algorithms with >=2 valid values),anova,,,,,,,,
partial_shading_complex_pattern_b,settling_time_s,,,,,insufficient data (fewer than 2 algorithms with >=2 valid values),anova,,,,,,,,
partial_shading_complex_pattern_b,oscillation_p2p_w,"fuzzy_logic,fuzzy_5x5,fuzzy_3x3",,,,,anova,,,,,,,,
partial_shading_complex_pattern_b,oscillation_std_w,"fuzzy_logic,fuzzy_5x5,fuzzy_3x3",,,,,anova,,,,,,,,
partial_shading_complex_pattern_b,energy_yield_j,"fuzzy_logic,fuzzy_5x5,fuzzy_3x3",13.410914337679342,4.468450831705925e-06,0.15430644631781645,,anova,,,,,,,,
partial_shading_complex_pattern_b,energy_yield_ratio,"fuzzy_logic,fuzzy_5x5,fuzzy_3x3",13.41091433767934,4.468450831705925e-06,0.15430644631781604,,anova,,,,,,,,
partial_shading_complex_pattern_c,tracking_efficiency_pct,"fuzzy_logic,fuzzy_5x5,fuzzy_3x3",33.32172508193433,1.1631608192104186e-12,0.3119377173171091,,anova,,,,,,,,
partial_shading_complex_pattern_c,convergence_time_s,"fuzzy_logic,fuzzy_5x5,fuzzy_3x3",72.1296618047626,3.6051596744009413e-22,0.51108789521898,,anova,,,,,,,,
partial_shading_complex_pattern_c,settling_time_s,"fuzzy_logic,fuzzy_5x5,fuzzy_3x3",70.58981397386411,8.493257618081121e-22,0.507512462322571,,anova,,,,,,,,
partial_shading_complex_pattern_c,oscillation_p2p_w,"fuzzy_logic,fuzzy_5x5,fuzzy_3x3",5.243447421118005,0.006314794536165999,0.06658900001007284,,anova,,,,,,,,
partial_shading_complex_pattern_c,oscillation_std_w,"fuzzy_logic,fuzzy_5x5,fuzzy_3x3",35.05539628196761,3.5623801928216897e-13,0.3229263351488566,,anova,,,,,,,,
partial_shading_complex_pattern_c,energy_yield_j,"fuzzy_logic,fuzzy_5x5,fuzzy_3x3",33.321725081934325,1.1631608192104324e-12,0.3119377173171081,,anova,,,,,,,,
partial_shading_complex_pattern_c,energy_yield_ratio,"fuzzy_logic,fuzzy_5x5,fuzzy_3x3",33.32172508193433,1.1631608192104186e-12,0.31193771731710856,,anova,,,,,,,,
steady_state,tracking_efficiency_pct,,,0.00018207611088289535,,,paired_ttest,fuzzy_logic,fuzzy_5x5,50.0,-4.049909738089836,-0.5727437277993516,0.00018207611088289535,,
steady_state,tracking_efficiency_pct,,,2.556734249471548e-05,,,paired_ttest,fuzzy_logic,fuzzy_3x3,50.0,4.647999392992308,0.6573263779471635,7.670202748414644e-05,,
steady_state,tracking_efficiency_pct,,,2.602761327330182e-05,,,paired_ttest,fuzzy_5x5,fuzzy_3x3,50.0,4.642686857647001,0.6565750719935716,7.670202748414644e-05,,
steady_state,convergence_time_s,,,0.00019383948040182464,,,paired_ttest,fuzzy_logic,fuzzy_5x5,50.0,4.03030303030303,0.5699709205927928,0.00019383948040182464,,
steady_state,convergence_time_s,,,2.3181479310565644e-08,,,paired_ttest,fuzzy_logic,fuzzy_3x3,50.0,-6.649342407530759,-0.9403590213592569,6.954443793169694e-08,,
steady_state,convergence_time_s,,,2.42716644841607e-08,,,paired_ttest,fuzzy_5x5,fuzzy_3x3,50.0,-6.636464014647947,-0.9385377415716125,6.954443793169694e-08,,
steady_state,settling_time_s,,,0.00019383948040182464,,,paired_ttest,fuzzy_logic,fuzzy_5x5,50.0,4.03030303030303,0.5699709205927928,0.00019383948040182464,,
steady_state,settling_time_s,,,2.3181479310565644e-08,,,paired_ttest,fuzzy_logic,fuzzy_3x3,50.0,-6.649342407530759,-0.9403590213592569,6.954443793169694e-08,,
steady_state,settling_time_s,,,2.42716644841607e-08,,,paired_ttest,fuzzy_5x5,fuzzy_3x3,50.0,-6.636464014647947,-0.9385377415716125,6.954443793169694e-08,,
steady_state,oscillation_p2p_w,,,0.3457453229335302,,,paired_ttest,fuzzy_logic,fuzzy_5x5,50.0,0.9520482888497805,0.13463996021254576,0.3457453229335302,,
steady_state,oscillation_p2p_w,,,1.630241894449226e-11,,,paired_ttest,fuzzy_logic,fuzzy_3x3,50.0,-8.70488674340401,-1.2310568891443716,3.260483788898452e-11,,
steady_state,oscillation_p2p_w,,,1.4569015539153519e-12,,,paired_ttest,fuzzy_5x5,fuzzy_3x3,50.0,-9.409934993009403,-1.330765768816307,4.370704661746056e-12,,
steady_state,oscillation_std_w,,,0.39798054153661855,,,paired_ttest,fuzzy_logic,fuzzy_5x5,50.0,0.8526891040465323,0.12058844954303691,0.39798054153661855,,
steady_state,oscillation_std_w,,,1.777064359332676e-25,,,paired_ttest,fuzzy_logic,fuzzy_3x3,50.0,-20.27378244130792,-2.867145808909918,5.331193077998028e-25,,
steady_state,oscillation_std_w,,,1.256274434617043e-24,,,paired_ttest,fuzzy_5x5,fuzzy_3x3,50.0,-19.38590635104674,-2.7415811680545015,2.512548869234086e-24,,
steady_state,energy_yield_j,,,0.0001820761108806084,,,paired_ttest,fuzzy_logic,fuzzy_5x5,50.0,-4.049909738093766,-0.5727437277999073,0.0001820761108806084,,
steady_state,energy_yield_j,,,2.5567342494717138e-05,,,paired_ttest,fuzzy_logic,fuzzy_3x3,50.0,4.647999392992289,0.6573263779471609,7.670202748415141e-05,,
steady_state,energy_yield_j,,,2.6027613273300375e-05,,,paired_ttest,fuzzy_5x5,fuzzy_3x3,50.0,4.642686857647019,0.656575071993574,7.670202748415141e-05,,
steady_state,energy_yield_ratio,,,0.0001820761108820274,,,paired_ttest,fuzzy_logic,fuzzy_5x5,50.0,-4.049909738091326,-0.5727437277995622,0.0001820761108820274,,
steady_state,energy_yield_ratio,,,2.5567342494715807e-05,,,paired_ttest,fuzzy_logic,fuzzy_3x3,50.0,4.647999392992304,0.657326377947163,7.670202748414742e-05,,
steady_state,energy_yield_ratio,,,2.6027613273300998e-05,,,paired_ttest,fuzzy_5x5,fuzzy_3x3,50.0,4.642686857647012,0.6565750719935731,7.670202748414742e-05,,
multi_level_irradiance,tracking_efficiency_pct,,,0.01449310660153901,,,paired_ttest,fuzzy_logic,fuzzy_5x5,50.0,-2.534850191747786,-0.3584819519753759,0.01449310660153901,,
multi_level_irradiance,tracking_efficiency_pct,,,8.379641377636654e-13,,,paired_ttest,fuzzy_logic,fuzzy_3x3,50.0,9.573633706472156,1.3539162628885124,2.513892413290996e-12,,
multi_level_irradiance,tracking_efficiency_pct,,,8.581277244495376e-13,,,paired_ttest,fuzzy_5x5,fuzzy_3x3,50.0,9.56657778009933,1.352918404211357,2.513892413290996e-12,,
multi_level_irradiance,convergence_time_s,,,,,,paired_ttest,fuzzy_logic,fuzzy_5x5,50.0,,,,,
multi_level_irradiance,convergence_time_s,,,2.9080858996238467e-11,,,paired_ttest,fuzzy_logic,fuzzy_3x3,50.0,-8.538028297141766,-1.2074595413743145,5.8161717992476934e-11,,
multi_level_irradiance,convergence_time_s,,,2.9080858996238467e-11,,,paired_ttest,fuzzy_5x5,fuzzy_3x3,50.0,-8.538028297141766,-1.2074595413743145,5.8161717992476934e-11,,
multi_level_irradiance,settling_time_s,,,,,,paired_ttest,fuzzy_logic,fuzzy_5x5,50.0,,,,,
multi_level_irradiance,settling_time_s,,,2.9080858996238467e-11,,,paired_ttest,fuzzy_logic,fuzzy_3x3,50.0,-8.538028297141766,-1.2074595413743145,5.8161717992476934e-11,,
multi_level_irradiance,settling_time_s,,,2.9080858996238467e-11,,,paired_ttest,fuzzy_5x5,fuzzy_3x3,50.0,-8.538028297141766,-1.2074595413743145,5.8161717992476934e-11,,
multi_level_irradiance,oscillation_p2p_w,,,6.666812072480879e-47,,,paired_ttest,fuzzy_logic,fuzzy_5x5,50.0,58.22625121455647,8.234435415376868,2.000043621744264e-46,,
multi_level_irradiance,oscillation_p2p_w,,,3.633090999791748e-08,,,paired_ttest,fuzzy_logic,fuzzy_3x3,50.0,-6.523409513956445,-0.9225494207550885,3.633090999791748e-08,,
multi_level_irradiance,oscillation_p2p_w,,,5.2498218465432334e-12,,,paired_ttest,fuzzy_5x5,fuzzy_3x3,50.0,-9.033827616514376,-1.2775761535415242,1.0499643693086467e-11,,
multi_level_irradiance,oscillation_std_w,,,2.209601890913439e-37,,,paired_ttest,fuzzy_logic,fuzzy_5x5,50.0,-36.84083572362392,-5.2100809529508165,6.628805672740316e-37,,
multi_level_irradiance,oscillation_std_w,,,1.037400333374653e-08,,,paired_ttest,fuzzy_logic,fuzzy_3x3,50.0,6.874655904457033,0.9722231616731412,2.0177762578630137e-08,,
multi_level_irradiance,oscillation_std_w,,,1.0088881289315069e-08,,,paired_ttest,fuzzy_5x5,fuzzy_3x3,50.0,6.882466678023211,0.9733277718641326,2.0177762578630137e-08,,
multi_level_irradiance,energy_yield_j,,,0.014493106601690911,,,paired_ttest,fuzzy_logic,fuzzy_5x5,50.0,-2.534850191743621,-0.35848195197478694,0.014493106601690911,,
multi_level_irradiance,energy_yield_j,,,8.379641377636654e-13,,,paired_ttest,fuzzy_logic,fuzzy_3x3,50.0,9.573633706472158,1.353916262888513,2.513892413290996e-12,,
multi_level_irradiance,energy_yield_j,,,8.581277244495409e-13,,,paired_ttest,fuzzy_5x5,fuzzy_3x3,50.0,9.566577780099326,1.3529184042113562,2.513892413290996e-12,,
multi_level_irradiance,energy_yield_ratio,,,0.014493106601661861,,,paired_ttest,fuzzy_logic,fuzzy_5x5,50.0,-2.5348501917444177,-0.35848195197489957,0.014493106601661861,,
multi_level_irradiance,energy_yield_ratio,,,8.379641377636776e-13,,,paired_ttest,fuzzy_logic,fuzzy_3x3,50.0,9.573633706472155,1.3539162628885124,2.5138924132910327e-12,,
multi_level_irradiance,energy_yield_ratio,,,8.581277244495654e-13,,,paired_ttest,fuzzy_5x5,fuzzy_3x3,50.0,9.566577780099319,1.3529184042113556,2.5138924132910327e-12,,
step_change_irradiance,tracking_efficiency_pct,,,0.008265523127160501,,,paired_ttest,fuzzy_logic,fuzzy_5x5,50.0,-2.75270949768969,-0.389291910490599,0.008265523127160501,,
step_change_irradiance,tracking_efficiency_pct,,,9.874838156289784e-13,,,paired_ttest,fuzzy_logic,fuzzy_3x3,50.0,9.524946612215716,1.3470308679875134,2.962451446886935e-12,,
step_change_irradiance,tracking_efficiency_pct,,,1.2206547382059465e-12,,,paired_ttest,fuzzy_5x5,fuzzy_3x3,50.0,9.46220266556603,1.3381575339566332,2.962451446886935e-12,,
step_change_irradiance,convergence_time_s,,,0.00019383948040182464,,,paired_ttest,fuzzy_logic,fuzzy_5x5,50.0,4.03030303030303,0.5699709205927928,0.00019383948040182464,,
step_change_irradiance,convergence_time_s,,,2.3181479310565644e-08,,,paired_ttest,fuzzy_logic,fuzzy_3x3,50.0,-6.649342407530759,-0.9403590213592569,6.954443793169694e-08,,
step_change_irradiance,convergence_time_s,,,2.42716644841607e-08,,,paired_ttest,fuzzy_5x5,fuzzy_3x3,50.0,-6.636464014647947,-0.9385377415716125,6.954443793169694e-08,,
step_change_irradiance,settling_time_s,,,0.00019383948040182464,,,paired_ttest,fuzzy_logic,fuzzy_5x5,50.0,4.03030303030303,0.5699709205927928,0.00019383948040182464,,
step_change_irradiance,settling_time_s,,,2.3181479310565644e-08,,,paired_ttest,fuzzy_logic,fuzzy_3x3,50.0,-6.649342407530759,-0.9403590213592569,6.954443793169694e-08,,
step_change_irradiance,settling_time_s,,,2.42716644841607e-08,,,paired_ttest,fuzzy_5x5,fuzzy_3x3,50.0,-6.636464014647947,-0.9385377415716125,6.954443793169694e-08,,
step_change_irradiance,oscillation_p2p_w,,,0.7424529336449728,,,paired_ttest,fuzzy_logic,fuzzy_5x5,50.0,-0.3304710986646384,-0.04673567097038689,0.7424529336449728,,
step_change_irradiance,oscillation_p2p_w,,,0.00011845793172359812,,,paired_ttest,fuzzy_logic,fuzzy_3x3,50.0,-4.183529430650256,-0.5916404059412586,0.00035537379517079436,,
step_change_irradiance,oscillation_p2p_w,,,0.00011851756659566321,,,paired_ttest,fuzzy_5x5,fuzzy_3x3,50.0,-4.1833739694430445,-0.5916184204064924,0.00035537379517079436,,
step_change_irradiance,oscillation_std_w,,,1.223494841076858e-26,,,paired_ttest,fuzzy_logic,fuzzy_5x5,50.0,21.540500172752772,3.046286748460697,1.223494841076858e-26,,
step_change_irradiance,oscillation_std_w,,,8.205572238461364e-61,,,paired_ttest,fuzzy_logic,fuzzy_3x3,50.0,-112.51878074349088,-15.912558574912945,2.4616716715384092e-60,,
step_change_irradiance,oscillation_std_w,,,1.0885891953540115e-60,,,paired_ttest,fuzzy_5x5,fuzzy_3x3,50.0,-111.86912728064962,-15.82068370111367,2.4616716715384092e-60,,
step_change_irradiance,energy_yield_j,,,0.008265523127122762,,,paired_ttest,fuzzy_logic,fuzzy_5x5,50.0,-2.7527094976914213,-0.3892919104908437,0.008265523127122762,,
step_change_irradiance,energy_yield_j,,,9.874838156287763e-13,,,paired_ttest,fuzzy_logic,fuzzy_3x3,50.0,9.524946612215777,1.3470308679875216,2.9624514468863288e-12,,
step_change_irradiance,energy_yield_j,,,1.2206547382057405e-12,,,paired_ttest,fuzzy_5x5,fuzzy_3x3,50.0,9.462202665566082,1.3381575339566405,2.9624514468863288e-12,,
step_change_irradiance,energy_yield_ratio,,,0.00826552312708969,,,paired_ttest,fuzzy_logic,fuzzy_5x5,50.0,-2.7527094976929383,-0.3892919104910583,0.00826552312708969,,
step_change_irradiance,energy_yield_ratio,,,9.874838156289073e-13,,,paired_ttest,fuzzy_logic,fuzzy_3x3,50.0,9.524946612215738,1.3470308679875165,2.9624514468867218e-12,,
step_change_irradiance,energy_yield_ratio,,,1.2206547382057052e-12,,,paired_ttest,fuzzy_5x5,fuzzy_3x3,50.0,9.462202665566089,1.3381575339566414,2.9624514468867218e-12,,
rapid_double_step,tracking_efficiency_pct,,,1.3034507028235223e-12,,,paired_ttest,fuzzy_logic,fuzzy_5x5,50.0,9.44280418989705,1.3354141752185895,1.3034507028235223e-12,,
rapid_double_step,tracking_efficiency_pct,,,2.546221311085374e-21,,,paired_ttest,fuzzy_logic,fuzzy_3x3,50.0,16.20581331099226,2.291848097369168,7.638663933256122e-21,,
rapid_double_step,tracking_efficiency_pct,,,4.7046876349061306e-21,,,paired_ttest,fuzzy_5x5,fuzzy_3x3,50.0,15.966974056959353,2.258071126141128,9.409375269812261e-21,,
rapid_double_step,convergence_time_s,,,0.00019383948040182464,,,paired_ttest,fuzzy_logic,fuzzy_5x5,50.0,4.03030303030303,0.5699709205927928,0.00019383948040182464,,
rapid_double_step,convergence_time_s,,,2.3181479310565644e-08,,,paired_ttest,fuzzy_logic,fuzzy_3x3,50.0,-6.649342407530759,-0.9403590213592569,6.954443793169694e-08,,
rapid_double_step,convergence_time_s,,,2.42716644841607e-08,,,paired_ttest,fuzzy_5x5,fuzzy_3x3,50.0,-6.636464014647947,-0.9385377415716125,6.954443793169694e-08,,
rapid_double_step,settling_time_s,,,0.00019383948040182464,,,paired_ttest,fuzzy_logic,fuzzy_5x5,50.0,4.03030303030303,0.5699709205927928,0.00019383948040182464,,
rapid_double_step,settling_time_s,,,2.3181479310565644e-08,,,paired_ttest,fuzzy_logic,fuzzy_3x3,50.0,-6.649342407530759,-0.9403590213592569,6.954443793169694e-08,,
rapid_double_step,settling_time_s,,,2.42716644841607e-08,,,paired_ttest,fuzzy_5x5,fuzzy_3x3,50.0,-6.636464014647947,-0.9385377415716125,6.954443793169694e-08,,
rapid_double_step,oscillation_p2p_w,,,0.742453959649764,,,paired_ttest,fuzzy_logic,fuzzy_5x5,50.0,-0.3304697322049899,-0.04673547772381014,0.742453959649764,,
rapid_double_step,oscillation_p2p_w,,,0.0001226214545594712,,,paired_ttest,fuzzy_logic,fuzzy_3x3,50.0,-4.172854132563603,-0.5901306908076064,0.00036786436367841364,,
rapid_double_step,oscillation_p2p_w,,,0.00012268300709719125,,,paired_ttest,fuzzy_5x5,fuzzy_3x3,50.0,-4.172698967480923,-0.5901087471511733,0.00036786436367841364,,
rapid_double_step,oscillation_std_w,,,1.4965319464640134e-30,,,paired_ttest,fuzzy_logic,fuzzy_5x5,50.0,26.296711769289328,3.718916642994516,1.4965319464640134e-30,,
rapid_double_step,oscillation_std_w,,,1.384235629508641e-53,,,paired_ttest,fuzzy_logic,fuzzy_3x3,50.0,-79.97064476578656,-11.309557041949633,4.1527068885259235e-53,,
rapid_double_step,oscillation_std_w,,,1.7553250030410607e-53,,,paired_ttest,fuzzy_5x5,fuzzy_3x3,50.0,-79.58104884292239,-11.254459858153652,4.1527068885259235e-53,,
rapid_double_step,energy_yield_j,,,1.3034507028318147e-12,,,paired_ttest,fuzzy_logic,fuzzy_5x5,50.0,9.44280418989517,1.3354141752183237,1.3034507028318147e-12,,
rapid_double_step,energy_yield_j,,,2.546221311085247e-21,,,paired_ttest,fuzzy_logic,fuzzy_3x3,50.0,16.20581331099228,2.2918480973691717,7.63866393325574e-21,,
rapid_double_step,energy_yield_j,,,4.704687634905862e-21,,,paired_ttest,fuzzy_5x5,fuzzy_3x3,50.0,15.966974056959378,2.258071126141131,9.409375269811724e-21,,
rapid_double_step,energy_yield_ratio,,,1.3034507028301537e-12,,,paired_ttest,fuzzy_logic,fuzzy_5x5,50.0,9.442804189895549,1.3354141752183772,1.3034507028301537e-12,,
rapid_double_step,energy_yield_ratio,,,2.546221311085247e-21,,,paired_ttest,fuzzy_logic,fuzzy_3x3,50.0,16.20581331099228,2.2918480973691717,7.63866393325574e-21,,
rapid_double_step,energy_yield_ratio,,,4.704687634905527e-21,,,paired_ttest,fuzzy_5x5,fuzzy_3x3,50.0,15.966974056959405,2.258071126141135,9.409375269811054e-21,,
temperature_step,tracking_efficiency_pct,,,0.00011473285680635105,,,paired_ttest,fuzzy_logic,fuzzy_5x5,50.0,-4.193394174582611,-0.5930354914071059,0.00011473285680635105,,
temperature_step,tracking_efficiency_pct,,,1.5587896050778012e-05,,,paired_ttest,fuzzy_logic,fuzzy_3x3,50.0,4.794603952746161,0.6780593936181271,4.676368815233404e-05,,
temperature_step,tracking_efficiency_pct,,,1.5872285632862695e-05,,,paired_ttest,fuzzy_5x5,fuzzy_3x3,50.0,4.789271062480239,0.6773052090440556,4.676368815233404e-05,,
temperature_step,convergence_time_s,,,0.00019383948040182464,,,paired_ttest,fuzzy_logic,fuzzy_5x5,50.0,4.03030303030303,0.5699709205927928,0.00019383948040182464,,
temperature_step,convergence_time_s,,,2.3181479310565644e-08,,,paired_ttest,fuzzy_logic,fuzzy_3x3,50.0,-6.649342407530759,-0.9403590213592569,6.954443793169694e-08,,
temperature_step,convergence_time_s,,,2.42716644841607e-08,,,paired_ttest,fuzzy_5x5,fuzzy_3x3,50.0,-6.636464014647947,-0.9385377415716125,6.954443793169694e-08,,
temperature_step,settling_time_s,,,0.00019383948040182464,,,paired_ttest,fuzzy_logic,fuzzy_5x5,50.0,4.03030303030303,0.5699709205927928,0.00019383948040182464,,
temperature_step,settling_time_s,,,2.3181479310565644e-08,,,paired_ttest,fuzzy_logic,fuzzy_3x3,50.0,-6.649342407530759,-0.9403590213592569,6.954443793169694e-08,,
temperature_step,settling_time_s,,,2.42716644841607e-08,,,paired_ttest,fuzzy_5x5,fuzzy_3x3,50.0,-6.636464014647947,-0.9385377415716125,6.954443793169694e-08,,
temperature_step,oscillation_p2p_w,,,1.936631992029808e-305,,,paired_ttest,fuzzy_logic,fuzzy_5x5,50.0,11077363.132652126,1566575.7177528352,5.809895976089424e-305,,
temperature_step,oscillation_p2p_w,,,3.3399211328610326e-161,,,paired_ttest,fuzzy_logic,fuzzy_3x3,50.0,12613.349423133912,1783.7969821146837,6.679842265722065e-161,,
temperature_step,oscillation_p2p_w,,,1.0825482808923247e-158,,,paired_ttest,fuzzy_5x5,fuzzy_3x3,50.0,11209.633364247758,1585.2815532949123,1.0825482808923247e-158,,
temperature_step,oscillation_std_w,,,2.03253592235508e-08,,,paired_ttest,fuzzy_logic,fuzzy_5x5,50.0,6.686187237898589,0.9455696672402087,6.09760776706524e-08,,
temperature_step,oscillation_std_w,,,0.6927643538888473,,,paired_ttest,fuzzy_logic,fuzzy_3x3,50.0,-0.39744648579630687,-0.05620742105306629,1.0,,
temperature_step,oscillation_std_w,,,0.5821550957112602,,,paired_ttest,fuzzy_5x5,fuzzy_3x3,50.0,-0.5539165538912952,-0.07833563029360371,1.0,,
temperature_step,energy_yield_j,,,0.00011473285680533932,,,paired_ttest,fuzzy_logic,fuzzy_5x5,50.0,-4.193394174585334,-0.593035491407491,0.00011473285680533932,,
temperature_step,energy_yield_j,,,1.5587896050777697e-05,,,paired_ttest,fuzzy_logic,fuzzy_3x3,50.0,4.794603952746167,0.678059393618128,4.676368815233309e-05,,
temperature_step,energy_yield_j,,,1.5872285632860852e-05,,,paired_ttest,fuzzy_5x5,fuzzy_3x3,50.0,4.789271062480274,0.6773052090440607,4.676368815233309e-05,,
temperature_step,energy_yield_ratio,,,0.00011473285680701619,,,paired_ttest,fuzzy_logic,fuzzy_5x5,50.0,-4.193394174580823,-0.5930354914068531,0.00011473285680701619,,
temperature_step,energy_yield_ratio,,,1.5587896050778645e-05,,,paired_ttest,fuzzy_logic,fuzzy_3x3,50.0,4.794603952746148,0.6780593936181252,4.6763688152335936e-05,,
temperature_step,energy_yield_ratio,,,1.5872285632864213e-05,,,paired_ttest,fuzzy_5x5,fuzzy_3x3,50.0,4.7892710624802115,0.6773052090440518,4.6763688152335936e-05,,
rapid_fluctuation_cloud_passage,tracking_efficiency_pct,,,4.962026797589034e-07,,,paired_ttest,fuzzy_logic,fuzzy_5x5,50.0,-5.78769461781404,-0.8185036223386382,4.962026797589034e-07,,
rapid_fluctuation_cloud_passage,tracking_efficiency_pct,,,6.261385566699078e-09,,,paired_ttest,fuzzy_logic,fuzzy_3x3,50.0,7.016198416755736,0.9922402957276598,1.7040332862275536e-08,,
rapid_fluctuation_cloud_passage,tracking_efficiency_pct,,,5.680110954091845e-09,,,paired_ttest,fuzzy_5x5,fuzzy_3x3,50.0,7.043522754986549,0.9961045406985485,1.7040332862275536e-08,,
rapid_fluctuation_cloud_passage,convergence_time_s,,,0.00017460696295877804,,,paired_ttest,fuzzy_logic,fuzzy_5x5,50.0,4.0630064472474485,0.5745958821706666,0.00017460696295877804,,
rapid_fluctuation_cloud_passage,convergence_time_s,,,1.8192754953586907e-08,,,paired_ttest,fuzzy_logic,fuzzy_3x3,50.0,-6.717247618977849,-0.9499622684576856,5.457826486076072e-08,,
rapid_fluctuation_cloud_passage,convergence_time_s,,,1.907174077221459e-08,,,paired_ttest,fuzzy_5x5,fuzzy_3x3,50.0,-6.704026087210628,-0.9480924615036305,5.457826486076072e-08,,
rapid_fluctuation_cloud_passage,settling_time_s,,,0.11817665538318108,,,paired_ttest,fuzzy_logic,fuzzy_5x5,50.0,1.5903998191333693,0.22491649938141284,0.11817665538318108,,
rapid_fluctuation_cloud_passage,settling_time_s,,,4.381373082127511e-08,,,paired_ttest,fuzzy_logic,fuzzy_3x3,50.0,-6.470900977622366,-0.915123592332687,8.762746164255022e-08,,
rapid_fluctuation_cloud_passage,settling_time_s,,,7.52003870300632e-09,,,paired_ttest,fuzzy_5x5,fuzzy_3x3,50.0,-6.964839340409135,-0.984977025495628,2.256011610901896e-08,,
rapid_fluctuation_cloud_passage,oscillation_p2p_w,,,0.04878251470498147,,,paired_ttest,fuzzy_logic,fuzzy_5x5,50.0,-2.0208009306596932,-0.285784408299511,0.04878251470498147,,
rapid_fluctuation_cloud_passage,oscillation_p2p_w,,,1.090338764331598e-08,,,paired_ttest,fuzzy_logic,fuzzy_3x3,50.0,6.860707280160081,0.9702505283074215,2.180677528663196e-08,,
rapid_fluctuation_cloud_passage,oscillation_p2p_w,,,1.5570855782831366e-09,,,paired_ttest,fuzzy_5x5,fuzzy_3x3,50.0,7.407025485987057,1.0475115899126062,4.67125673484941e-09,,
rapid_fluctuation_cloud_passage,oscillation_std_w,,,0.13639827798154633,,,paired_ttest,fuzzy_logic,fuzzy_5x5,50.0,-1.514204496462638,-0.2141408535103786,0.13639827798154633,,
rapid_fluctuation_cloud_passage,oscillation_std_w,,,1.1222239560610671e-10,,,paired_ttest,fuzzy_logic,fuzzy_3x3,50.0,8.151406793264785,1.1527830039455238,2.2444479121221343e-10,,
rapid_fluctuation_cloud_passage,oscillation_std_w,,,1.3570437508688835e-11,,,paired_ttest,fuzzy_5x5,fuzzy_3x3,50.0,8.757924266189358,1.2385575275481426,4.07113125260665e-11,,
rapid_fluctuation_cloud_passage,energy_yield_j,,,4.962026797580188e-07,,,paired_ttest,fuzzy_logic,fuzzy_5x5,50.0,-5.787694617814545,-0.8185036223387098,4.962026797580188e-07,,
rapid_fluctuation_cloud_passage,energy_yield_j,,,6.2613855666993954e-09,,,paired_ttest,fuzzy_logic,fuzzy_3x3,50.0,7.016198416755722,0.9922402957276579,1.704033286227603e-08,,
rapid_fluctuation_cloud_passage,energy_yield_j,,,5.68011095409201e-09,,,paired_ttest,fuzzy_5x5,fuzzy_3x3,50.0,7.04352275498654,0.9961045406985469,1.704033286227603e-08,,
rapid_fluctuation_cloud_passage,energy_yield_ratio,,,4.962026797578992e-07,,,paired_ttest,fuzzy_logic,fuzzy_5x5,50.0,-5.787694617814613,-0.8185036223387193,4.962026797578992e-07,,
rapid_fluctuation_cloud_passage,energy_yield_ratio,,,6.261385566699011e-09,,,paired_ttest,fuzzy_logic,fuzzy_3x3,50.0,7.016198416755738,0.99224029572766,1.70403328622756e-08,,
rapid_fluctuation_cloud_passage,energy_yield_ratio,,,5.6801109540918665e-09,,,paired_ttest,fuzzy_5x5,fuzzy_3x3,50.0,7.043522754986547,0.996104540698548,1.70403328622756e-08,,
sensor_noise_robustness,tracking_efficiency_pct,,,3.279785060699051e-13,,,paired_ttest,fuzzy_logic,fuzzy_5x5,50.0,-9.85336059210217,-1.393475618430348,9.839355182097153e-13,,
sensor_noise_robustness,tracking_efficiency_pct,,,0.006129437895987341,,,paired_ttest,fuzzy_logic,fuzzy_3x3,50.0,2.864773433089219,0.4051401442200907,0.006129437895987341,,
sensor_noise_robustness,tracking_efficiency_pct,,,0.00020865720391578918,,,paired_ttest,fuzzy_5x5,fuzzy_3x3,50.0,4.007183609855801,0.5667013407977252,0.00041731440783157836,,
sensor_noise_robustness,convergence_time_s,,,0.294386830103537,,,paired_ttest,fuzzy_logic,fuzzy_5x5,50.0,1.0598999931795978,0.14989249451137385,0.294386830103537,,
sensor_noise_robustness,convergence_time_s,,,3.4722970158289517e-08,,,paired_ttest,fuzzy_logic,fuzzy_3x3,50.0,-6.5360994741106415,-0.9243440521306924,1.0416891047486855e-07,,
sensor_noise_robustness,convergence_time_s,,,5.492923390718105e-08,,,paired_ttest,fuzzy_5x5,fuzzy_3x3,50.0,-6.407486909916366,-0.90615548887318,1.098584678143621e-07,,
sensor_noise_robustness,settling_time_s,,,,,one or both algorithms missing from this scenario/metric,paired_ttest,fuzzy_logic,fuzzy_5x5,0.0,,,,,
sensor_noise_robustness,settling_time_s,,,,,one or both algorithms missing from this scenario/metric,paired_ttest,fuzzy_logic,fuzzy_3x3,0.0,,,,,
sensor_noise_robustness,settling_time_s,,,,,one or both algorithms missing from this scenario/metric,paired_ttest,fuzzy_5x5,fuzzy_3x3,0.0,,,,,
sensor_noise_robustness,oscillation_p2p_w,,,,,,paired_ttest,fuzzy_logic,fuzzy_5x5,50.0,,,,,
sensor_noise_robustness,oscillation_p2p_w,,,,,,paired_ttest,fuzzy_logic,fuzzy_3x3,50.0,,,,,
sensor_noise_robustness,oscillation_p2p_w,,,,,,paired_ttest,fuzzy_5x5,fuzzy_3x3,50.0,,,,,
sensor_noise_robustness,oscillation_std_w,,,,,,paired_ttest,fuzzy_logic,fuzzy_5x5,50.0,,,,,
sensor_noise_robustness,oscillation_std_w,,,,,,paired_ttest,fuzzy_logic,fuzzy_3x3,50.0,,,,,
sensor_noise_robustness,oscillation_std_w,,,,,,paired_ttest,fuzzy_5x5,fuzzy_3x3,50.0,,,,,
sensor_noise_robustness,energy_yield_j,,,3.279785060695792e-13,,,paired_ttest,fuzzy_logic,fuzzy_5x5,50.0,-9.853360592102469,-1.3934756184303903,9.839355182087375e-13,,
sensor_noise_robustness,energy_yield_j,,,0.006129437895987677,,,paired_ttest,fuzzy_logic,fuzzy_3x3,50.0,2.864773433089199,0.40514014422008787,0.006129437895987677,,
sensor_noise_robustness,energy_yield_j,,,0.00020865720391578346,,,paired_ttest,fuzzy_5x5,fuzzy_3x3,50.0,4.00718360985581,0.5667013407977264,0.0004173144078315669,,
sensor_noise_robustness,energy_yield_ratio,,,3.279785060698945e-13,,,paired_ttest,fuzzy_logic,fuzzy_5x5,50.0,-9.85336059210218,-1.3934756184303492,9.839355182096834e-13,,
sensor_noise_robustness,energy_yield_ratio,,,0.006129437895987355,,,paired_ttest,fuzzy_logic,fuzzy_3x3,50.0,2.8647734330892187,0.40514014422009054,0.006129437895987355,,
sensor_noise_robustness,energy_yield_ratio,,,0.00020865720391577988,,,paired_ttest,fuzzy_5x5,fuzzy_3x3,50.0,4.007183609855816,0.566701340797727,0.00041731440783155977,,
partial_shading_simple,tracking_efficiency_pct,,,4.8407132081100654e-05,,,paired_ttest,fuzzy_logic,fuzzy_5x5,50.0,-4.456682617944618,-0.6302701001489709,9.961964153463127e-05,,
partial_shading_simple,tracking_efficiency_pct,,,3.320654717821042e-05,,,paired_ttest,fuzzy_logic,fuzzy_3x3,50.0,4.569962796832979,0.646290336682168,9.961964153463127e-05,,
partial_shading_simple,tracking_efficiency_pct,,,3.3285508861217104e-05,,,paired_ttest,fuzzy_5x5,fuzzy_3x3,50.0,4.56925188456298,0.6461897985047789,9.961964153463127e-05,,
partial_shading_simple,convergence_time_s,,,,,one or both algorithms missing from this scenario/metric,paired_ttest,fuzzy_logic,fuzzy_5x5,0.0,,,,,
partial_shading_simple,convergence_time_s,,,,,one or both algorithms missing from this scenario/metric,paired_ttest,fuzzy_logic,fuzzy_3x3,0.0,,,,,
partial_shading_simple,convergence_time_s,,,,,one or both algorithms missing from this scenario/metric,paired_ttest,fuzzy_5x5,fuzzy_3x3,0.0,,,,,
partial_shading_simple,settling_time_s,,,,,one or both algorithms missing from this scenario/metric,paired_ttest,fuzzy_logic,fuzzy_5x5,0.0,,,,,
partial_shading_simple,settling_time_s,,,,,one or both algorithms missing from this scenario/metric,paired_ttest,fuzzy_logic,fuzzy_3x3,0.0,,,,,
partial_shading_simple,settling_time_s,,,,,one or both algorithms missing from this scenario/metric,paired_ttest,fuzzy_5x5,fuzzy_3x3,0.0,,,,,
partial_shading_simple,oscillation_p2p_w,,,,,,paired_ttest,fuzzy_logic,fuzzy_5x5,50.0,,,,,
partial_shading_simple,oscillation_p2p_w,,,,,,paired_ttest,fuzzy_logic,fuzzy_3x3,50.0,,,,,
partial_shading_simple,oscillation_p2p_w,,,,,,paired_ttest,fuzzy_5x5,fuzzy_3x3,50.0,,,,,
partial_shading_simple,oscillation_std_w,,,,,,paired_ttest,fuzzy_logic,fuzzy_5x5,50.0,,,,,
partial_shading_simple,oscillation_std_w,,,,,,paired_ttest,fuzzy_logic,fuzzy_3x3,50.0,,,,,
partial_shading_simple,oscillation_std_w,,,,,,paired_ttest,fuzzy_5x5,fuzzy_3x3,50.0,,,,,
partial_shading_simple,energy_yield_j,,,4.8407132081102395e-05,,,paired_ttest,fuzzy_logic,fuzzy_5x5,50.0,-4.456682617944607,-0.6302701001489696,9.961964153463033e-05,,
partial_shading_simple,energy_yield_j,,,3.320654717821011e-05,,,paired_ttest,fuzzy_logic,fuzzy_3x3,50.0,4.56996279683298,0.6462903366821682,9.961964153463033e-05,,
partial_shading_simple,energy_yield_j,,,3.328550886121654e-05,,,paired_ttest,fuzzy_5x5,fuzzy_3x3,50.0,4.569251884562984,0.6461897985047795,9.961964153463033e-05,,
partial_shading_simple,energy_yield_ratio,,,4.8407132081077154e-05,,,paired_ttest,fuzzy_logic,fuzzy_5x5,50.0,-4.456682617944764,-0.6302701001489915,9.961964153463182e-05,,
partial_shading_simple,energy_yield_ratio,,,3.3206547178210606e-05,,,paired_ttest,fuzzy_logic,fuzzy_3x3,50.0,4.569962796832977,0.6462903366821677,9.961964153463182e-05,,
partial_shading_simple,energy_yield_ratio,,,3.3285508861216724e-05,,,paired_ttest,fuzzy_5x5,fuzzy_3x3,50.0,4.5692518845629815,0.6461897985047793,9.961964153463182e-05,,
partial_shading_complex_pattern_a,tracking_efficiency_pct,,,8.633567574421503e-08,,,paired_ttest,fuzzy_logic,fuzzy_5x5,50.0,-6.280566017302031,-0.8882061641048107,1.7526064029077732e-07,,
partial_shading_complex_pattern_a,tracking_efficiency_pct,,,5.842021343025911e-08,,,paired_ttest,fuzzy_logic,fuzzy_3x3,50.0,6.390200584658163,0.9037108333108056,1.7526064029077732e-07,,
partial_shading_complex_pattern_a,tracking_efficiency_pct,,,5.8585235881241296e-08,,,paired_ttest,fuzzy_5x5,fuzzy_3x3,50.0,6.3894091703849965,0.9035989104309488,1.7526064029077732e-07,,
partial_shading_complex_pattern_a,convergence_time_s,,,,,one or both algorithms missing from this scenario/metric,paired_ttest,fuzzy_logic,fuzzy_5x5,0.0,,,,,
partial_shading_complex_pattern_a,convergence_time_s,,,,,one or both algorithms missing from this scenario/metric,paired_ttest,fuzzy_logic,fuzzy_3x3,0.0,,,,,
partial_shading_complex_pattern_a,convergence_time_s,,,,,one or both algorithms missing from this scenario/metric,paired_ttest,fuzzy_5x5,fuzzy_3x3,0.0,,,,,
partial_shading_complex_pattern_a,settling_time_s,,,,,one or both algorithms missing from this scenario/metric,paired_ttest,fuzzy_logic,fuzzy_5x5,0.0,,,,,
partial_shading_complex_pattern_a,settling_time_s,,,,,one or both algorithms missing from this scenario/metric,paired_ttest,fuzzy_logic,fuzzy_3x3,0.0,,,,,
partial_shading_complex_pattern_a,settling_time_s,,,,,one or both algorithms missing from this scenario/metric,paired_ttest,fuzzy_5x5,fuzzy_3x3,0.0,,,,,
partial_shading_complex_pattern_a,oscillation_p2p_w,,,,,,paired_ttest,fuzzy_logic,fuzzy_5x5,50.0,,,,,
partial_shading_complex_pattern_a,oscillation_p2p_w,,,,,,paired_ttest,fuzzy_logic,fuzzy_3x3,50.0,,,,,
partial_shading_complex_pattern_a,oscillation_p2p_w,,,,,,paired_ttest,fuzzy_5x5,fuzzy_3x3,50.0,,,,,
partial_shading_complex_pattern_a,oscillation_std_w,,,,,,paired_ttest,fuzzy_logic,fuzzy_5x5,50.0,,,,,
partial_shading_complex_pattern_a,oscillation_std_w,,,,,,paired_ttest,fuzzy_logic,fuzzy_3x3,50.0,,,,,
partial_shading_complex_pattern_a,oscillation_std_w,,,,,,paired_ttest,fuzzy_5x5,fuzzy_3x3,50.0,,,,,
partial_shading_complex_pattern_a,energy_yield_j,,,8.633567574406075e-08,,,paired_ttest,fuzzy_logic,fuzzy_5x5,50.0,-6.280566017302533,-0.8882061641048817,1.752606402907796e-07,,
partial_shading_complex_pattern_a,energy_yield_j,,,5.842021343025986e-08,,,paired_ttest,fuzzy_logic,fuzzy_3x3,50.0,6.3902005846581575,0.9037108333108048,1.752606402907796e-07,,
partial_shading_complex_pattern_a,energy_yield_j,,,5.8585235881240985e-08,,,paired_ttest,fuzzy_5x5,fuzzy_3x3,50.0,6.389409170384997,0.9035989104309489,1.752606402907796e-07,,
partial_shading_complex_pattern_a,energy_yield_ratio,,,8.633567574413405e-08,,,paired_ttest,fuzzy_logic,fuzzy_5x5,50.0,-6.280566017302297,-0.8882061641048483,1.7526064029077732e-07,,
partial_shading_complex_pattern_a,energy_yield_ratio,,,5.842021343025911e-08,,,paired_ttest,fuzzy_logic,fuzzy_3x3,50.0,6.390200584658161,0.9037108333108053,1.7526064029077732e-07,,
partial_shading_complex_pattern_a,energy_yield_ratio,,,5.8585235881240985e-08,,,paired_ttest,fuzzy_5x5,fuzzy_3x3,50.0,6.389409170384997,0.9035989104309489,1.7526064029077732e-07,,
partial_shading_complex_pattern_b,tracking_efficiency_pct,,,0.0006006511198735998,,,paired_ttest,fuzzy_logic,fuzzy_5x5,50.0,-3.6687236528546325,-0.5188358746465984,0.0006006511198735998,,
partial_shading_complex_pattern_b,tracking_efficiency_pct,,,7.985453885165928e-05,,,paired_ttest,fuzzy_logic,fuzzy_3x3,50.0,4.30467626982372,0.608773156241033,0.00023956361655497785,,
partial_shading_complex_pattern_b,tracking_efficiency_pct,,,8.120930882218832e-05,,,paired_ttest,fuzzy_5x5,fuzzy_3x3,50.0,4.299534257392763,0.6080459658692579,0.00023956361655497785,,
partial_shading_complex_pattern_b,convergence_time_s,,,,,one or both algorithms missing from this scenario/metric,paired_ttest,fuzzy_logic,fuzzy_5x5,0.0,,,,,
partial_shading_complex_pattern_b,convergence_time_s,,,,,one or both algorithms missing from this scenario/metric,paired_ttest,fuzzy_logic,fuzzy_3x3,0.0,,,,,
partial_shading_complex_pattern_b,convergence_time_s,,,,,one or both algorithms missing from this scenario/metric,paired_ttest,fuzzy_5x5,fuzzy_3x3,0.0,,,,,
partial_shading_complex_pattern_b,settling_time_s,,,,,one or both algorithms missing from this scenario/metric,paired_ttest,fuzzy_logic,fuzzy_5x5,0.0,,,,,
partial_shading_complex_pattern_b,settling_time_s,,,,,one or both algorithms missing from this scenario/metric,paired_ttest,fuzzy_logic,fuzzy_3x3,0.0,,,,,
partial_shading_complex_pattern_b,settling_time_s,,,,,one or both algorithms missing from this scenario/metric,paired_ttest,fuzzy_5x5,fuzzy_3x3,0.0,,,,,
partial_shading_complex_pattern_b,oscillation_p2p_w,,,,,,paired_ttest,fuzzy_logic,fuzzy_5x5,50.0,,,,,
partial_shading_complex_pattern_b,oscillation_p2p_w,,,,,,paired_ttest,fuzzy_logic,fuzzy_3x3,50.0,,,,,
partial_shading_complex_pattern_b,oscillation_p2p_w,,,,,,paired_ttest,fuzzy_5x5,fuzzy_3x3,50.0,,,,,
partial_shading_complex_pattern_b,oscillation_std_w,,,,,,paired_ttest,fuzzy_logic,fuzzy_5x5,50.0,,,,,
partial_shading_complex_pattern_b,oscillation_std_w,,,,,,paired_ttest,fuzzy_logic,fuzzy_3x3,50.0,,,,,
partial_shading_complex_pattern_b,oscillation_std_w,,,,,,paired_ttest,fuzzy_5x5,fuzzy_3x3,50.0,,,,,
partial_shading_complex_pattern_b,energy_yield_j,,,0.0006006511198740022,,,paired_ttest,fuzzy_logic,fuzzy_5x5,50.0,-3.668723652854414,-0.5188358746465674,0.0006006511198740022,,
partial_shading_complex_pattern_b,energy_yield_j,,,7.985453885165885e-05,,,paired_ttest,fuzzy_logic,fuzzy_3x3,50.0,4.304676269823722,0.6087731562410332,0.00023956361655497654,,
partial_shading_complex_pattern_b,energy_yield_j,,,8.1209308822189e-05,,,paired_ttest,fuzzy_5x5,fuzzy_3x3,50.0,4.29953425739276,0.6080459658692575,0.00023956361655497654,,
partial_shading_complex_pattern_b,energy_yield_ratio,,,0.0006006511198738198,,,paired_ttest,fuzzy_logic,fuzzy_5x5,50.0,-3.6687236528545126,-0.5188358746465815,0.0006006511198738198,,
partial_shading_complex_pattern_b,energy_yield_ratio,,,7.985453885165928e-05,,,paired_ttest,fuzzy_logic,fuzzy_3x3,50.0,4.30467626982372,0.6087731562410331,0.00023956361655497785,,
partial_shading_complex_pattern_b,energy_yield_ratio,,,8.1209308822189e-05,,,paired_ttest,fuzzy_5x5,fuzzy_3x3,50.0,4.299534257392761,0.6080459658692576,0.00023956361655497785,,
partial_shading_complex_pattern_c,tracking_efficiency_pct,,,4.0129607585782304e-08,,,paired_ttest,fuzzy_logic,fuzzy_5x5,50.0,-6.495529042783117,-0.9186065267092214,6.473628598746268e-08,,
partial_shading_complex_pattern_c,tracking_efficiency_pct,,,2.1578761995820893e-08,,,paired_ttest,fuzzy_logic,fuzzy_3x3,50.0,6.669418898818154,0.9431982659856066,6.473628598746268e-08,,
partial_shading_complex_pattern_c,tracking_efficiency_pct,,,2.1702635326212338e-08,,,paired_ttest,fuzzy_5x5,fuzzy_3x3,50.0,6.667814880677996,0.9429714235647962,6.473628598746268e-08,,
partial_shading_complex_pattern_c,convergence_time_s,,,5.70707128353231e-11,,,paired_ttest,fuzzy_logic,fuzzy_5x5,50.0,8.344553849509776,1.1800981225929346,5.980098111780529e-11,,
partial_shading_complex_pattern_c,convergence_time_s,,,1.9933660372601764e-11,,,paired_ttest,fuzzy_logic,fuzzy_3x3,41.0,-9.204580816489864,-1.4375140127189192,5.980098111780529e-11,,
partial_shading_complex_pattern_c,convergence_time_s,,,2.026912449846626e-11,,,paired_ttest,fuzzy_5x5,fuzzy_3x3,41.0,-9.198989568476483,-1.4366408064830174,5.980098111780529e-11,,
partial_shading_complex_pattern_c,settling_time_s,,,5.70707128353231e-11,,,paired_ttest,fuzzy_logic,fuzzy_5x5,50.0,8.344553849509776,1.1800981225929346,1.2405856255999245e-10,,
partial_shading_complex_pattern_c,settling_time_s,,,4.135285418666415e-11,,,paired_ttest,fuzzy_logic,fuzzy_3x3,40.0,-9.038341528661205,-1.429087275052872,1.2405856255999245e-10,,
partial_shading_complex_pattern_c,settling_time_s,,,4.23167378528198e-11,,,paired_ttest,fuzzy_5x5,fuzzy_3x3,40.0,-9.030542601471,-1.427854156391529,1.2405856255999245e-10,,
partial_shading_complex_pattern_c,oscillation_p2p_w,,,0.04539188980935318,,,paired_ttest,fuzzy_logic,fuzzy_5x5,50.0,2.0533945160576366,0.2903938373511248,0.04539188980935318,,
partial_shading_complex_pattern_c,oscillation_p2p_w,,,0.0009643002650354561,,,paired_ttest,fuzzy_logic,fuzzy_3x3,50.0,3.512569747540265,0.4967523775752881,0.0028929007951063682,,
partial_shading_complex_pattern_c,oscillation_p2p_w,,,0.013202089181824255,,,paired_ttest,fuzzy_5x5,fuzzy_3x3,50.0,2.5717744766423523,0.3637038344232583,0.02640417836364851,,
partial_shading_complex_pattern_c,oscillation_std_w,,,0.006061262360664733,,,paired_ttest,fuzzy_logic,fuzzy_5x5,50.0,2.8689179106080576,0.40572626185169974,0.006061262360664733,,
partial_shading_complex_pattern_c,oscillation_std_w,,,8.461107836748998e-08,,,paired_ttest,fuzzy_logic,fuzzy_3x3,50.0,-6.286232553133661,-0.8890075332872871,1.6922215673497995e-07,,
partial_shading_complex_pattern_c,oscillation_std_w,,,1.8154244655149766e-08,,,paired_ttest,fuzzy_5x5,fuzzy_3x3,50.0,-6.717841393733409,-0.9500462408889163,5.44627339654493e-08,,
partial_shading_complex_pattern_c,energy_yield_j,,,4.012960758578602e-08,,,paired_ttest,fuzzy_logic,fuzzy_5x5,50.0,-6.495529042783092,-0.9186065267092178,6.473628598746337e-08,,
partial_shading_complex_pattern_c,energy_yield_j,,,2.1578761995821124e-08,,,paired_ttest,fuzzy_logic,fuzzy_3x3,50.0,6.669418898818152,0.9431982659856063,6.473628598746337e-08,,
partial_shading_complex_pattern_c,energy_yield_j,,,2.1702635326212454e-08,,,paired_ttest,fuzzy_5x5,fuzzy_3x3,50.0,6.667814880677995,0.9429714235647961,6.473628598746337e-08,,
partial_shading_complex_pattern_c,energy_yield_ratio,,,4.012960758578602e-08,,,paired_ttest,fuzzy_logic,fuzzy_5x5,50.0,-6.495529042783092,-0.9186065267092177,6.473628598746337e-08,,
partial_shading_complex_pattern_c,energy_yield_ratio,,,2.1578761995821124e-08,,,paired_ttest,fuzzy_logic,fuzzy_3x3,50.0,6.669418898818153,0.9431982659856066,6.473628598746337e-08,,
partial_shading_complex_pattern_c,energy_yield_ratio,,,2.1702635326212454e-08,,,paired_ttest,fuzzy_5x5,fuzzy_3x3,50.0,6.667814880677995,0.9429714235647961,6.473628598746337e-08,,
steady_state,tracking_efficiency_pct,"fuzzy_logic,fuzzy_5x5,fuzzy_3x3",,2.5192130749189147e-17,,,friedman,,,,,,,50.0,76.44000000000005
steady_state,convergence_time_s,"fuzzy_logic,fuzzy_5x5,fuzzy_3x3",,8.256888345387977e-18,,,friedman,,,,,,,50.0,78.67096774193551
steady_state,settling_time_s,"fuzzy_logic,fuzzy_5x5,fuzzy_3x3",,8.256888345387977e-18,,,friedman,,,,,,,50.0,78.67096774193551
steady_state,oscillation_p2p_w,"fuzzy_logic,fuzzy_5x5,fuzzy_3x3",,2.3819439139066697e-08,,,friedman,,,,,,,50.0,35.10552763819102
steady_state,oscillation_std_w,"fuzzy_logic,fuzzy_5x5,fuzzy_3x3",,9.59614531263058e-16,,,friedman,,,,,,,50.0,69.15999999999997
steady_state,energy_yield_j,"fuzzy_logic,fuzzy_5x5,fuzzy_3x3",,2.5192130749189147e-17,,,friedman,,,,,,,50.0,76.44000000000005
steady_state,energy_yield_ratio,"fuzzy_logic,fuzzy_5x5,fuzzy_3x3",,2.5192130749189147e-17,,,friedman,,,,,,,50.0,76.44000000000005
multi_level_irradiance,tracking_efficiency_pct,"fuzzy_logic,fuzzy_5x5,fuzzy_3x3",,4.322986923866752e-17,,,friedman,,,,,,,50.0,75.36000000000001
multi_level_irradiance,convergence_time_s,"fuzzy_logic,fuzzy_5x5,fuzzy_3x3",,1.527979968287266e-17,,,friedman,,,,,,,50.0,77.44000000000005
multi_level_irradiance,settling_time_s,"fuzzy_logic,fuzzy_5x5,fuzzy_3x3",,1.527979968287266e-17,,,friedman,,,,,,,50.0,77.44000000000005
multi_level_irradiance,oscillation_p2p_w,"fuzzy_logic,fuzzy_5x5,fuzzy_3x3",,6.120855411519034e-20,,,friedman,,,,,,,50.0,88.48000000000002
multi_level_irradiance,oscillation_std_w,"fuzzy_logic,fuzzy_5x5,fuzzy_3x3",,6.120855411519034e-20,,,friedman,,,,,,,50.0,88.48000000000002
multi_level_irradiance,energy_yield_j,"fuzzy_logic,fuzzy_5x5,fuzzy_3x3",,4.322986923866752e-17,,,friedman,,,,,,,50.0,75.36000000000001
multi_level_irradiance,energy_yield_ratio,"fuzzy_logic,fuzzy_5x5,fuzzy_3x3",,4.322986923866752e-17,,,friedman,,,,,,,50.0,75.36000000000001
step_change_irradiance,tracking_efficiency_pct,"fuzzy_logic,fuzzy_5x5,fuzzy_3x3",,5.073072150313226e-17,,,friedman,,,,,,,50.0,75.03999999999996
step_change_irradiance,convergence_time_s,"fuzzy_logic,fuzzy_5x5,fuzzy_3x3",,8.256888345387977e-18,,,friedman,,,,,,,50.0,78.67096774193551
step_change_irradiance,settling_time_s,"fuzzy_logic,fuzzy_5x5,fuzzy_3x3",,8.256888345387977e-18,,,friedman,,,,,,,50.0,78.67096774193551
step_change_irradiance,oscillation_p2p_w,"fuzzy_logic,fuzzy_5x5,fuzzy_3x3",,0.021067999523041135,,,friedman,,,,,,,50.0,7.720000000000027
step_change_irradiance,oscillation_std_w,"fuzzy_logic,fuzzy_5x5,fuzzy_3x3",,1.9287498479639183e-22,,,friedman,,,,,,,50.0,100.0
step_change_irradiance,energy_yield_j,"fuzzy_logic,fuzzy_5x5,fuzzy_3x3",,5.073072150313226e-17,,,friedman,,,,,,,50.0,75.03999999999996
step_change_irradiance,energy_yield_ratio,"fuzzy_logic,fuzzy_5x5,fuzzy_3x3",,5.073072150313226e-17,,,friedman,,,,,,,50.0,75.03999999999996
rapid_double_step,tracking_efficiency_pct,"fuzzy_logic,fuzzy_5x5,fuzzy_3x3",,7.938321539329934e-20,,,friedman,,,,,,,50.0,87.96000000000004
rapid_double_step,convergence_time_s,"fuzzy_logic,fuzzy_5x5,fuzzy_3x3",,8.256888345387977e-18,,,friedman,,,,,,,50.0,78.67096774193551
rapid_double_step,settling_time_s,"fuzzy_logic,fuzzy_5x5,fuzzy_3x3",,8.256888345387977e-18,,,friedman,,,,,,,50.0,78.67096774193551
rapid_double_step,oscillation_p2p_w,"fuzzy_logic,fuzzy_5x5,fuzzy_3x3",,0.021067999523041135,,,friedman,,,,,,,50.0,7.720000000000027
rapid_double_step,oscillation_std_w,"fuzzy_logic,fuzzy_5x5,fuzzy_3x3",,1.9287498479639183e-22,,,friedman,,,,,,,50.0,100.0
rapid_double_step,energy_yield_j,"fuzzy_logic,fuzzy_5x5,fuzzy_3x3",,7.938321539329934e-20,,,friedman,,,,,,,50.0,87.96000000000004
rapid_double_step,energy_yield_ratio,"fuzzy_logic,fuzzy_5x5,fuzzy_3x3",,7.938321539329934e-20,,,friedman,,,,,,,50.0,87.96000000000004
temperature_step,tracking_efficiency_pct,"fuzzy_logic,fuzzy_5x5,fuzzy_3x3",,2.9052855278570336e-18,,,friedman,,,,,,,50.0,80.75999999999999
temperature_step,convergence_time_s,"fuzzy_logic,fuzzy_5x5,fuzzy_3x3",,8.256888345387977e-18,,,friedman,,,,,,,50.0,78.67096774193551
temperature_step,settling_time_s,"fuzzy_logic,fuzzy_5x5,fuzzy_3x3",,8.256888345387977e-18,,,friedman,,,,,,,50.0,78.67096774193551
temperature_step,oscillation_p2p_w,"fuzzy_logic,fuzzy_5x5,fuzzy_3x3",,1.9287498479639183e-22,,,friedman,,,,,,,50.0,100.0
temperature_step,oscillation_std_w,"fuzzy_logic,fuzzy_5x5,fuzzy_3x3",,0.0003422394225150334,,,friedman,,,,,,,50.0,15.960000000000036
temperature_step,energy_yield_j,"fuzzy_logic,fuzzy_5x5,fuzzy_3x3",,2.9052855278570336e-18,,,friedman,,,,,,,50.0,80.75999999999999
temperature_step,energy_yield_ratio,"fuzzy_logic,fuzzy_5x5,fuzzy_3x3",,2.9052855278570336e-18,,,friedman,,,,,,,50.0,80.75999999999999
rapid_fluctuation_cloud_passage,tracking_efficiency_pct,"fuzzy_logic,fuzzy_5x5,fuzzy_3x3",,5.749522264293568e-19,,,friedman,,,,,,,50.0,84.0
rapid_fluctuation_cloud_passage,convergence_time_s,"fuzzy_logic,fuzzy_5x5,fuzzy_3x3",,8.256888345387977e-18,,,friedman,,,,,,,50.0,78.67096774193551
rapid_fluctuation_cloud_passage,settling_time_s,"fuzzy_logic,fuzzy_5x5,fuzzy_3x3",,2.9159771158840404e-15,,,friedman,,,,,,,50.0,66.93714285714292
rapid_fluctuation_cloud_passage,oscillation_p2p_w,"fuzzy_logic,fuzzy_5x5,fuzzy_3x3",,6.499105280074464e-16,,,friedman,,,,,,,50.0,69.93939393939395
rapid_fluctuation_cloud_passage,oscillation_std_w,"fuzzy_logic,fuzzy_5x5,fuzzy_3x3",,2.1844443363623486e-16,,,friedman,,,,,,,50.0,72.12
rapid_fluctuation_cloud_passage,energy_yield_j,"fuzzy_logic,fuzzy_5x5,fuzzy_3x3",,5.749522264293568e-19,,,friedman,,,,,,,50.0,84.0
rapid_fluctuation_cloud_passage,energy_yield_ratio,"fuzzy_logic,fuzzy_5x5,fuzzy_3x3",,5.749522264293568e-19,,,friedman,,,,,,,50.0,84.0
sensor_noise_robustness,tracking_efficiency_pct,"fuzzy_logic,fuzzy_5x5,fuzzy_3x3",,3.5369537601218177e-09,,,friedman,,,,,,,50.0,38.91999999999996
sensor_noise_robustness,convergence_time_s,"fuzzy_logic,fuzzy_5x5,fuzzy_3x3",,2.617928057961461e-13,,,friedman,,,,,,,50.0,57.94244604316544
sensor_noise_robustness,settling_time_s,,,,,insufficient data (need >=3 algorithms and >=2 runs complete across all of them),friedman,,,,,,,0.0,
sensor_noise_robustness,oscillation_p2p_w,"fuzzy_logic,fuzzy_5x5,fuzzy_3x3",,,,,friedman,,,,,,,50.0,
sensor_noise_robustness,oscillation_std_w,"fuzzy_logic,fuzzy_5x5,fuzzy_3x3",,,,,friedman,,,,,,,50.0,
sensor_noise_robustness,energy_yield_j,"fuzzy_logic,fuzzy_5x5,fuzzy_3x3",,3.5369537601218177e-09,,,friedman,,,,,,,50.0,38.91999999999996
sensor_noise_robustness,energy_yield_ratio,"fuzzy_logic,fuzzy_5x5,fuzzy_3x3",,3.5369537601218177e-09,,,friedman,,,,,,,50.0,38.91999999999996
partial_shading_simple,tracking_efficiency_pct,"fuzzy_logic,fuzzy_5x5,fuzzy_3x3",,1.315592261061294e-21,,,friedman,,,,,,,50.0,96.15999999999997
partial_shading_simple,convergence_time_s,,,,,insufficient data (need >=3 algorithms and >=2 runs complete across all of them),friedman,,,,,,,0.0,
partial_shading_simple,settling_time_s,,,,,insufficient data (need >=3 algorithms and >=2 runs complete across all of them),friedman,,,,,,,0.0,
partial_shading_simple,oscillation_p2p_w,"fuzzy_logic,fuzzy_5x5,fuzzy_3x3",,,,,friedman,,,,,,,50.0,
partial_shading_simple,oscillation_std_w,"fuzzy_logic,fuzzy_5x5,fuzzy_3x3",,,,,friedman,,,,,,,50.0,
partial_shading_simple,energy_yield_j,"fuzzy_logic,fuzzy_5x5,fuzzy_3x3",,1.315592261061294e-21,,,friedman,,,,,,,50.0,96.15999999999997
partial_shading_simple,energy_yield_ratio,"fuzzy_logic,fuzzy_5x5,fuzzy_3x3",,1.315592261061294e-21,,,friedman,,,,,,,50.0,96.15999999999997
partial_shading_complex_pattern_a,tracking_efficiency_pct,"fuzzy_logic,fuzzy_5x5,fuzzy_3x3",,1.315592261061294e-21,,,friedman,,,,,,,50.0,96.15999999999997
partial_shading_complex_pattern_a,convergence_time_s,,,,,insufficient data (need >=3 algorithms and >=2 runs complete across all of them),friedman,,,,,,,0.0,
partial_shading_complex_pattern_a,settling_time_s,,,,,insufficient data (need >=3 algorithms and >=2 runs complete across all of them),friedman,,,,,,,0.0,
partial_shading_complex_pattern_a,oscillation_p2p_w,"fuzzy_logic,fuzzy_5x5,fuzzy_3x3",,,,,friedman,,,,,,,50.0,
partial_shading_complex_pattern_a,oscillation_std_w,"fuzzy_logic,fuzzy_5x5,fuzzy_3x3",,,,,friedman,,,,,,,50.0,
partial_shading_complex_pattern_a,energy_yield_j,"fuzzy_logic,fuzzy_5x5,fuzzy_3x3",,1.315592261061294e-21,,,friedman,,,,,,,50.0,96.15999999999997
partial_shading_complex_pattern_a,energy_yield_ratio,"fuzzy_logic,fuzzy_5x5,fuzzy_3x3",,1.315592261061294e-21,,,friedman,,,,,,,50.0,96.15999999999997
partial_shading_complex_pattern_b,tracking_efficiency_pct,"fuzzy_logic,fuzzy_5x5,fuzzy_3x3",,1.2019516142064017e-17,,,friedman,,,,,,,50.0,77.91999999999996
partial_shading_complex_pattern_b,convergence_time_s,,,,,insufficient data (need >=3 algorithms and >=2 runs complete across all of them),friedman,,,,,,,0.0,
partial_shading_complex_pattern_b,settling_time_s,,,,,insufficient data (need >=3 algorithms and >=2 runs complete across all of them),friedman,,,,,,,0.0,
partial_shading_complex_pattern_b,oscillation_p2p_w,"fuzzy_logic,fuzzy_5x5,fuzzy_3x3",,,,,friedman,,,,,,,50.0,
partial_shading_complex_pattern_b,oscillation_std_w,"fuzzy_logic,fuzzy_5x5,fuzzy_3x3",,,,,friedman,,,,,,,50.0,
partial_shading_complex_pattern_b,energy_yield_j,"fuzzy_logic,fuzzy_5x5,fuzzy_3x3",,1.2019516142064017e-17,,,friedman,,,,,,,50.0,77.91999999999996
partial_shading_complex_pattern_b,energy_yield_ratio,"fuzzy_logic,fuzzy_5x5,fuzzy_3x3",,1.2019516142064017e-17,,,friedman,,,,,,,50.0,77.91999999999996
partial_shading_complex_pattern_c,tracking_efficiency_pct,"fuzzy_logic,fuzzy_5x5,fuzzy_3x3",,1.9287498479639183e-22,,,friedman,,,,,,,50.0,100.0
partial_shading_complex_pattern_c,convergence_time_s,"fuzzy_logic,fuzzy_5x5,fuzzy_3x3",,1.1513707702615865e-14,,,friedman,,,,,,,41.0,64.19047619047626
partial_shading_complex_pattern_c,settling_time_s,"fuzzy_logic,fuzzy_5x5,fuzzy_3x3",,1.2971782156101309e-14,,,friedman,,,,,,,40.0,63.95199999999997
partial_shading_complex_pattern_c,oscillation_p2p_w,"fuzzy_logic,fuzzy_5x5,fuzzy_3x3",,0.0005628980327764602,,,friedman,,,,,,,50.0,14.964824120603001
partial_shading_complex_pattern_c,oscillation_std_w,"fuzzy_logic,fuzzy_5x5,fuzzy_3x3",,1.522997974471264e-08,,,friedman,,,,,,,50.0,36.0
partial_shading_complex_pattern_c,energy_yield_j,"fuzzy_logic,fuzzy_5x5,fuzzy_3x3",,1.9287498479639183e-22,,,friedman,,,,,,,50.0,100.0
partial_shading_complex_pattern_c,energy_yield_ratio,"fuzzy_logic,fuzzy_5x5,fuzzy_3x3",,1.9287498479639183e-22,,,friedman,,,,,,,50.0,100.0
